timestamp,lot_id,target_class,module_a_outlier_score,flag_module_a,predicted_late_value,drift_deviation_ratio,flag_module_b,defect_probability,predicted_defect_class,unified_risk_score,risk_level
2008-07-19 11:55:00,2008-07-19,0,0.54014327757125,0,1.4043703,0.0025424671706843613,0,0.0013251049527536086,0,0.72,LOW (PASS)
2008-07-19 12:32:00,2008-07-19,0,1.8952029120198337,0,1.3921536,0.011219338106260381,0,0.0022285922009382185,0,0.68,LOW (PASS)
2008-07-19 13:17:00,2008-07-19,1,-1.5142817534076798,0,1.4100637,0.0015012809961281277,0,0.9979243441745153,1,99.99,CRITICAL (DEFECT)
2008-07-19 14:43:00,2008-07-19,0,-0.3418469640644391,0,1.4044071,0.002516304729655361,0,0.0034213216514701675,0,0.63,LOW (PASS)
2008-07-19 15:22:00,2008-07-19,0,0.5675161090458463,0,1.40187,0.004318295773086479,0,0.002133195579721178,0,0.34,LOW (PASS)
2008-07-19 17:53:00,2008-07-19,0,-1.2292699814126389,0,1.3917029,0.011539468169466369,0,0.003580457587368229,0,0.61,LOW (PASS)
2008-07-19 19:44:00,2008-07-19,0,0.5263523853779446,0,1.40354,0.0031321804450111825,0,0.0025124950985307187,0,0.47,LOW (PASS)
2008-07-19 19:45:00,2008-07-19,0,1.1241666666666714,0,1.413541,0.003970964628409399,0,0.0021465444294927745,0,1.14,LOW (PASS)
2008-07-19 20:24:00,2008-07-19,0,-0.7814838909541537,0,1.4194486,0.008166861360041026,0,0.005861240227477018,0,0.92,LOW (PASS)
2008-07-19 21:35:00,2008-07-19,0,0.230475061957873,0,1.4095274,0.0011203592414696397,0,0.0027048562170221627,0,0.65,LOW (PASS)
2008-07-19 21:57:00,2008-07-19,1,-0.23047506195786352,0,1.4068884,0.0007540230222844407,0,0.9966020076296361,1,99.98,CRITICAL (DEFECT)
2008-07-19 22:52:00,2008-07-19,1,-1.5930570012391543,0,1.4111834,0.002296483734459428,0,0.9974779349657977,1,99.99,CRITICAL (DEFECT)
2008-07-20 03:35:00,2008-07-20,0,0.0,0,1.3935202,0.006297063146077652,0,0.0023218567414605876,0,0.04,LOW (PASS)
2008-07-21 08:21:00,2008-07-21,0,0.6745,0,1.4103942,0.00042934370277791973,0,0.0008456485984911649,0,0.68,LOW (PASS)
2008-07-21 11:53:00,2008-07-21,1,-0.6745,0,1.4045118,0.004598259864168201,0,0.996388242757482,1,99.98,CRITICAL (DEFECT)
2008-07-22 00:03:00,2008-07-22,0,-0.6579315892901081,0,1.4068235,0.0011197329263116422,0,0.0036801283904432623,0,1.19,LOW (PASS)
2008-07-22 02:59:00,2008-07-22,0,0.6579315892901081,0,1.4033957,0.0013195758998363408,0,0.0021766801013724923,0,1.29,LOW (PASS)
2008-07-22 08:41:00,2008-07-22,0,0.8140060181773621,0,1.4064316,0.0008408093505726553,0,0.0010695238646940394,0,1.02,LOW (PASS)
2008-07-22 11:47:00,2008-07-22,0,1.0661772291820362,0,1.4126441,0.005261764992189839,0,0.001487082479982547,0,1.48,LOW (PASS)
2008-07-22 14:00:00,2008-07-22,0,-0.6582629575042982,0,1.410177,0.003506107351224489,0,0.0042901719922550565,0,0.93,LOW (PASS)
2008-07-22 15:30:00,2008-07-22,0,-0.6907370424957018,0,1.3989513,0.0044822367120933085,0,0.00269440315915787,0,0.66,LOW (PASS)
2008-07-23 05:15:00,2008-07-23,0,0.6744999999999668,0,1.4031119,0.0020895732316791515,0,0.0013845326293566913,0,0.29,LOW (PASS)
2008-07-23 19:22:00,2008-07-23,0,-0.6745000000000332,0,1.4046295,0.0010102919378642038,0,0.002840270053347501,0,0.3,LOW (PASS)
2008-07-25 15:23:00,2008-07-25,1,0.0,0,1.4152465,0.009624504612411171,0,0.9983418884541003,1,99.99,CRITICAL (DEFECT)
2008-07-27 04:18:00,2008-07-27,0,1.5199057709648311,0,1.4061152,0.0007937127091750519,0,0.002048153358883725,0,0.88,LOW (PASS)
2008-07-27 09:37:00,2008-07-27,0,-0.34546077547341975,0,1.4048213,0.0001272043154611995,0,0.00248740153630723,0,1.77,LOW (PASS)
2008-07-27 11:10:00,2008-07-27,0,4.983028403967565,0,1.4039853,0.0007222283705352765,0,0.0023918851344175256,0,2.68,LOW (PASS)
2008-07-27 15:46:00,2008-07-27,0,0.21712939585210292,0,1.3986654,0.004508559966390938,0,0.003521303914773081,0,1.09,LOW (PASS)
2008-07-27 16:06:00,2008-07-27,0,-0.7687718665464361,0,1.4093838,0.0031201014965807437,0,0.0034530101135965374,0,2.03,LOW (PASS)
2008-07-27 16:49:00,2008-07-27,0,-0.2171293958521306,0,1.4060158,0.0007229512573096904,0,0.0036244982128860142,0,0.35,LOW (PASS)
2008-07-27 20:24:00,2008-07-27,0,-0.5802281334535638,0,1.3978485,0.005090008682977656,0,0.0028977368336289455,0,0.44,LOW (PASS)
2008-07-27 22:28:00,2008-07-27,0,4.451456717763787,0,1.4033961,0.0011415366380635936,0,0.002772941161075866,0,1.18,LOW (PASS)
2008-07-27 22:28:00,2008-07-27,0,3.756885933273246,0,1.4151323,0.007211538824939811,0,0.0018634494781742392,0,1.0,LOW (PASS)
2008-07-27 23:14:00,2008-07-27,0,-0.24997249774572644,0,1.4196442,0.01042286998999025,0,0.0018481544553954463,0,0.41,LOW (PASS)
2008-07-28 03:31:00,2008-07-28,0,-0.575808881449392,0,1.3885019,0.008673137982736256,0,0.006199753145437876,0,0.54,LOW (PASS)
2008-07-28 03:48:00,2008-07-28,0,1.4668183339897458,0,1.4046779,0.002875692808679013,0,0.003394261449295544,0,2.48,LOW (PASS)
2008-07-28 04:37:00,2008-07-28,0,0.10533251280030645,0,1.3998947,0.0005392355350557599,0,0.003586105194998973,0,0.54,LOW (PASS)
2008-07-28 05:36:00,2008-07-28,0,-0.10533251280031854,0,1.3985878,0.0014722895534079758,0,0.002805373161295614,0,0.89,LOW (PASS)
2008-07-28 06:45:00,2008-07-28,1,-0.7282952934226035,0,1.4053283,0.0033400495289316527,0,0.9957305493491161,1,99.98,CRITICAL (DEFECT)
2008-07-28 08:36:00,2008-07-28,0,0.8422616187475331,0,1.4072671,0.004724268315256604,0,0.002809304732132775,0,3.53,LOW (PASS)
2008-07-28 15:11:00,2008-07-28,1,-0.6207047065773965,0,1.3968068,0.002743823534451678,0,0.9965285328218958,1,99.98,CRITICAL (DEFECT)
2008-07-28 23:57:00,2008-07-28,0,0.8393394052776597,0,1.4041817,0.002521467612621189,0,0.0013918404066129476,0,3.0,LOW (PASS)
2008-07-29 04:08:00,2008-07-29,0,0.31061406087038707,0,1.4068834,0.00441444621326559,0,0.0015980047643915818,0,2.24,LOW (PASS)
2008-07-29 05:16:00,2008-07-29,0,0.043295392054609555,0,1.40989,0.006560998105555788,0,0.004970003855458913,0,1.27,LOW (PASS)
2008-07-29 06:19:00,2008-07-29,0,0.6498145918270563,0,1.4105548,0.007035551009822308,0,0.005493214151739378,0,0.48,LOW (PASS)
2008-07-29 08:23:00,2008-07-29,1,-1.0757338105622487,0,1.4109708,0.007332572106646223,0,0.9972986291195561,1,99.99,CRITICAL (DEFECT)
2008-07-29 11:47:00,2008-07-29,0,1.0156190859960121,0,1.4032682,0.001833511605161848,0,0.003979726956675959,0,0.56,LOW (PASS)
2008-07-29 15:41:00,2008-07-29,0,0.7545676969754341,0,1.4061316,0.0038777656870273057,0,0.007254409099141365,0,1.61,LOW (PASS)
2008-07-29 15:49:00,2008-07-29,1,-0.04329539205461537,0,1.391497,0.0065702279893311896,0,0.9972247909392165,1,99.99,CRITICAL (DEFECT)
2008-07-29 17:05:00,2008-07-29,1,-0.6409892386460619,0,1.4126612,0.008539379886864882,0,0.9990606241268163,1,100.0,CRITICAL (DEFECT)
2008-07-29 18:08:00,2008-07-29,1,-0.6991854081729438,0,1.4067807,0.004341169661871495,0,0.995178155244972,1,99.98,CRITICAL (DEFECT)
2008-07-29 21:07:00,2008-07-29,0,-0.04905105717266189,0,1.4016391,0.0006704484793178287,0,0.003155987743961248,0,3.05,LOW (PASS)
2008-07-29 23:14:00,2008-07-29,0,-0.7490678391959846,0,1.4060724,0.003835467840287625,0,0.003789593209500368,0,0.54,LOW (PASS)
2008-07-29 23:19:00,2008-07-29,0,0.7930667014316803,0,1.4081777,0.005338530760346986,0,0.002173372235814201,0,2.56,LOW (PASS)
2008-07-30 06:30:00,2008-07-30,0,-0.6745,0,1.4109772,0.0033972481899121297,0,0.003534527507543918,0,0.62,LOW (PASS)
2008-07-30 07:08:00,2008-07-30,0,1.5904391664112738,0,1.4095958,0.0024148933159498817,0,0.004090300616669431,0,2.62,LOW (PASS)
2008-07-30 12:02:00,2008-07-30,0,0.0,0,1.4019386,0.0030304452216831056,0,0.003933662012895659,0,0.46,LOW (PASS)
2008-07-30 12:29:00,2008-07-30,1,-0.9746452650934708,0,1.3983918,0.0055526252536234584,0,0.9975998038005044,1,99.99,CRITICAL (DEFECT)
2008-07-30 21:16:00,2008-07-30,1,0.43409439166411135,0,1.4023972,0.0027043217145953625,0,0.9972873203375744,1,99.99,CRITICAL (DEFECT)
2008-07-31 13:57:00,2008-07-31,0,0.44613294040603485,0,1.4105043,0.0016007989472741392,0,0.0017520236933478862,0,1.96,LOW (PASS)
2008-07-31 15:36:00,2008-07-31,0,1.3878709888670437,0,1.4025607,0.004039942264225058,0,0.004365501824162592,0,1.41,LOW (PASS)
2008-07-31 17:07:00,2008-07-31,0,-0.44613294040601476,0,1.4096012,0.000959490113936035,0,0.002953802343080589,0,1.65,LOW (PASS)
2008-07-31 20:18:00,2008-07-31,1,-0.9028670595939651,0,1.4097316,0.0010520972765115215,0,0.9973726659754726,1,99.99,CRITICAL (DEFECT)
2008-01-08 02:02:00,2008-01-08,0,0.3980512321660145,0,1.4026965,0.002952326252945689,0,0.0018949409361454638,0,0.61,LOW (PASS)
2008-01-08 05:52:00,2008-01-08,1,-0.297930897823889,1,1.4032404,0.002565683667172965,0,0.9945678184296549,1,99.97,CRITICAL (DEFECT)
2008-01-08 10:20:00,2008-01-08,0,-2.884146058509858,0,1.4016563,0.0036917177066938356,0,0.0041473718155437085,0,1.0,LOW (PASS)
2008-01-08 10:26:00,2008-01-08,0,0.297930897823889,0,1.4086978,0.001313452334728266,0,0.003091015734877465,0,0.35,LOW (PASS)
2008-01-08 11:28:00,2008-01-08,0,-0.39902327424700956,0,1.4046355,0.0015740382187183972,0,0.003558775196660976,0,0.37,LOW (PASS)
2008-01-08 12:29:00,2008-01-08,0,1.3613449344285873,0,1.4068891,2.7778884382102243e-05,0,0.0033596888392483926,0,1.18,LOW (PASS)
2008-01-08 14:07:00,2008-01-08,0,-2.3876269635394043,1,1.4060485,0.0005696826260898414,0,0.003952355398287307,0,5.04,LOW (PASS)
2008-01-08 15:10:00,2008-01-08,0,0.9499767257529904,0,1.396357,0.007458411299802517,0,0.002785301397202908,0,1.2,LOW (PASS)
2008-02-08 03:39:00,2008-02-08,0,0.0,0,1.4098995,0.0015624476563409124,0,0.003005310883690674,0,0.03,LOW (PASS)
2008-03-08 13:09:00,2008-03-08,0,0.21390045780747508,0,1.4007514,0.002147258692608773,0,0.0019785598472479926,0,0.55,LOW (PASS)
2008-03-08 14:06:00,2008-03-08,0,1.0548138455827831,0,1.410262,0.00895145707405543,0,0.0031570201156671494,0,1.81,LOW (PASS)
2008-03-08 14:25:00,2008-03-08,0,0.2506215664439559,0,1.3998785,0.0015227949662960866,0,0.0027979996983877996,0,2.62,LOW (PASS)
2008-03-08 15:03:00,2008-03-08,0,0.9461527468448429,0,1.399218,0.001050225517033782,0,0.002949239851227952,0,0.25,LOW (PASS)
2008-03-08 15:27:00,2008-03-08,0,-0.4028472531551571,0,1.4068389,0.006502471018186981,0,0.002233047579672868,0,1.06,LOW (PASS)
2008-03-08 16:00:00,2008-03-08,0,-0.2831698218262765,0,1.3997204,0.00140970579652135,0,0.004575233106161355,0,0.13,LOW (PASS)
2008-03-08 17:00:00,2008-03-08,0,1.4998069166048065,0,1.4069943,0.0066136838970604775,0,0.0048197762456647295,0,1.31,LOW (PASS)
2008-03-08 17:58:00,2008-03-08,0,-1.297340076713688,1,1.4071782,0.006745194832047389,0,0.0030738425082951723,0,5.05,LOW (PASS)
2008-03-08 20:23:00,2008-03-08,0,-1.4560754145013608,0,1.4079394,0.0072898309091073196,0,0.0023782449422737563,0,1.42,LOW (PASS)
2008-03-08 22:52:00,2008-03-08,0,-0.21390045780747508,1,1.3881835,0.0068441831639833575,0,0.0046505537250811765,0,5.06,LOW (PASS)
2008-04-08 00:39:00,2008-04-08,1,-0.9725366527574171,0,1.4114139,0.002424633351155762,0,0.9980789511641035,1,99.99,CRITICAL (DEFECT)
2008-04-08 03:45:00,2008-04-08,0,-1.451160087966613,0,1.4034637,0.0032217659850926686,0,0.003715824209762844,0,0.93,LOW (PASS)
2008-04-08 03:49:00,2008-04-08,0,-1.8181148641028533,0,1.409044,0.0007414914158928507,0,0.0022115274304289156,0,1.01,LOW (PASS)
2008-04-08 13:19:00,2008-04-08,0,0.17883720536822076,0,1.3844993,0.016690711396123867,0,0.0010977637984392094,0,0.34,LOW (PASS)
2008-04-08 14:04:00,2008-04-08,0,0.707970170294347,0,1.3946671,0.009469287441077853,0,0.002199783803319758,0,1.08,LOW (PASS)
2008-04-08 14:31:00,2008-04-08,0,0.804881527010265,0,1.4007106,0.005177106175982857,0,0.0024192452187944647,0,1.06,LOW (PASS)
2008-04-08 15:29:00,2008-04-08,0,0.8292234690425182,0,1.4048222,0.0022569226503715355,0,0.0019735754513091406,0,1.33,LOW (PASS)
2008-04-08 16:15:00,2008-04-08,0,-0.06108306078718646,0,1.4080349,2.4801452009523634e-05,0,0.0012182554746328483,0,1.4,LOW (PASS)
2008-04-08 16:31:00,2008-04-08,0,-0.10276863651742572,0,1.4124192,0.003138614032245909,0,0.0031155420535146426,0,1.2,LOW (PASS)
2008-04-08 17:11:00,2008-04-08,0,0.07173266042630191,0,1.4126247,0.0032845766427284672,0,0.0020552584887543264,0,0.54,LOW (PASS)
2008-04-08 17:46:00,2008-04-08,0,0.06108306078718646,0,1.4031436,0.003449091744457906,0,0.0016764035213925465,0,0.86,LOW (PASS)
2008-04-08 18:24:00,2008-04-08,0,-1.718769313183712,0,1.4043133,0.0026183579079991693,0,0.0027361885063642935,0,0.64,LOW (PASS)
2008-04-08 19:58:00,2008-04-08,0,0.15845082891620546,0,1.4061648,0.001303424437346842,0,0.0012864148219233235,0,0.9,LOW (PASS)
2008-04-08 20:32:00,2008-04-08,0,0.6869752452915329,0,1.3954676,0.008900761379946543,0,0.0023647721400837673,0,1.01,LOW (PASS)
2008-04-08 20:58:00,2008-04-08,1,-0.6620247547084671,0,1.4010634,0.004926497517613731,0,0.9967356755423287,1,99.98,CRITICAL (DEFECT)
2008-04-08 21:43:00,2008-04-08,0,0.20378769595127957,0,1.402954,0.003583793898331311,0,0.0016317193250769118,0,1.44,LOW (PASS)
2008-04-08 22:51:00,2008-04-08,0,-0.3715949588361364,0,1.4022192,0.0041056694963675575,0,0.0015458916886103857,0,0.53,LOW (PASS)
2008-04-08 23:33:00,2008-04-08,0,-1.867711570993568,0,1.4012511,0.004793234670224202,0,0.00407784146457715,0,1.56,LOW (PASS)
2008-05-08 00:04:00,2008-05-08,0,1.2759552449926401,0,1.3989953,0.0027477579617294847,0,0.000855556351760987,0,0.89,LOW (PASS)
2008-05-08 01:12:00,2008-05-08,0,1.1269653162837996,0,1.4095953,0.004808213993822686,0,0.0013494626860129264,0,0.48,LOW (PASS)
2008-05-08 02:15:00,2008-05-08,0,-0.5571093696956012,0,1.4134794,0.007576983708144218,0,0.001830989110209887,0,0.62,LOW (PASS)
2008-05-08 02:36:00,2008-05-08,0,-0.5499346497680201,0,1.4014739,0.00098093907150534,0,0.0012028832017390014,0,0.75,LOW (PASS)
2008-05-08 02:45:00,2008-05-08,0,0.057779393459316326,0,1.409736,0.004908570530440362,0,0.0009774409584275944,0,0.6,LOW (PASS)
2008-05-08 03:17:00,2008-05-08,0,-0.7604439855154442,0,1.3922633,0.007546516925212454,0,0.0032860045388435413,0,1.45,LOW (PASS)
2008-05-08 03:36:00,2008-05-08,0,-2.515197295462256,0,1.4050992,0.0016032629903745402,0,0.0013758995677078504,0,0.97,LOW (PASS)
2008-05-08 03:54:00,2008-05-08,0,-1.8971028063822504,0,1.4070668,0.0030058751778524037,0,0.0009178431974930658,0,1.04,LOW (PASS)
2008-05-08 04:32:00,2008-05-08,0,0.8869938327486673,0,1.4097587,0.004924715951234061,0,0.001864875690144325,0,0.51,LOW (PASS)
2008-05-08 04:35:00,2008-05-08,0,1.3770119384406407,0,1.4006898,0.0015398255586640645,0,0.001675670801107258,0,0.87,LOW (PASS)
2008-05-08 05:11:00,2008-05-08,0,-1.2709176756817893,0,1.3996274,0.002297130769787457,0,0.003446785953728024,0,1.66,LOW (PASS)
2008-05-08 06:10:00,2008-05-08,0,0.6548076836030299,0,1.4009593,0.0013477800271179618,0,0.001978614944394844,0,0.9,LOW (PASS)
2008-05-08 06:11:00,2008-05-08,0,-0.5884033608690721,0,1.4108295,0.005688054451180362,0,0.0026651121162542934,0,0.54,LOW (PASS)
2008-05-08 06:21:00,2008-05-08,0,-1.0459062464637328,0,1.4005555,0.0016355933967403733,0,0.0020468823155608356,0,1.13,LOW (PASS)
2008-05-08 07:12:00,2008-05-08,0,-0.6941923163969701,0,1.4032786,0.00030551106215680554,0,0.00247336675888657,0,1.74,LOW (PASS)
2008-05-08 07:12:00,2008-05-08,1,0.09426360755912186,0,1.4046263,0.00126616359938189,0,0.9975133261118012,1,99.99,CRITICAL (DEFECT)
2008-05-08 07:48:00,2008-05-08,0,0.7581541812832373,0,1.3939707,0.0063294071250643,0,0.0014188715682817406,0,1.79,LOW (PASS)
2008-05-08 08:50:00,2008-05-08,0,0.22615633133415616,0,1.4051275,0.001623487254316121,0,0.0020155236281005537,0,1.58,LOW (PASS)
2008-05-08 09:48:00,2008-05-08,0,-0.17654390630304417,0,1.4080065,0.0036757401889930793,0,0.0030396793495954333,0,1.34,LOW (PASS)
2008-05-08 14:17:00,2008-05-08,0,-0.8105143713930074,0,1.4091817,0.00451343260048931,0,0.0032067100304259233,0,0.59,LOW (PASS)
2008-05-08 14:45:00,2008-05-08,0,-0.057779393459323265,0,1.4088625,0.004285867143197069,0,0.002153221037320348,0,1.3,LOW (PASS)
2008-05-08 15:45:00,2008-05-08,0,-0.5252047640602024,0,1.4070462,0.002991174347340246,0,0.0029056662982613864,0,0.47,LOW (PASS)
2008-05-08 20:04:00,2008-05-08,0,0.7173956659499786,0,1.4092898,0.004590505740804493,0,0.001127838021211141,0,0.57,LOW (PASS)
2008-05-08 21:07:00,2008-05-08,0,0.42414807061219484,0,1.4076611,0.0034294800339397143,0,0.0028178634066690147,0,0.36,LOW (PASS)
2008-05-08 21:22:00,2008-05-08,0,0.5516138395382991,0,1.4019196,0.0006632141854651285,0,0.00232278876049868,0,0.97,LOW (PASS)
2008-05-08 23:02:00,2008-05-08,0,0.3578964014937137,0,1.4009385,0.0013625658335290334,0,0.0024197926776864474,0,1.26,LOW (PASS)
2008-05-08 23:06:00,2008-05-08,0,-0.6316043340500145,0,1.4076791,0.003442311394675759,0,0.0013212807560918822,0,0.66,LOW (PASS)
2008-05-08 23:38:00,2008-05-08,0,1.5840102410320163,0,1.3940339,0.006284369898639772,0,0.0027980977405134594,0,1.7,LOW (PASS)
2008-06-08 00:04:00,2008-06-08,0,-0.8730826759230023,0,1.3999128,0.006167190231873694,0,0.002785636638240601,0,1.78,LOW (PASS)
2008-06-08 02:20:00,2008-06-08,0,0.8300883559482471,0,1.413028,0.00314352573478695,0,0.0025055085051210926,0,1.14,LOW (PASS)
2008-06-08 03:22:00,2008-06-08,0,0.0,0,1.4033226,0.0037465462573023113,0,0.0019372602855391463,0,0.79,LOW (PASS)
2008-06-08 05:40:00,2008-06-08,1,-0.30585563269169797,0,1.4105093,0.0013554837149028756,0,0.9977693977180229,1,99.99,CRITICAL (DEFECT)
2008-06-08 09:56:00,2008-06-08,0,-1.9851882297254615,0,1.4036007,0.00354910674422064,0,0.003913534571763465,0,0.62,LOW (PASS)
2008-06-08 09:57:00,2008-06-08,0,0.13536825497002455,0,1.4079406,0.00046810249507734183,0,0.0016522973172687309,0,1.2,LOW (PASS)
2008-06-08 12:33:00,2008-06-08,0,0.06300157778479082,0,1.405445,0.002239811113321998,0,0.0020581251970542393,0,1.26,LOW (PASS)
2008-06-08 13:35:00,2008-06-08,0,0.3875874092773746,0,1.4119315,0.0023651079716814163,0,0.001965839739083124,0,1.43,LOW (PASS)
2008-06-08 17:35:00,2008-06-08,0,-2.120769327863673,0,1.4020416,0.004655969749619344,0,0.003168184971000859,0,0.67,LOW (PASS)
2008-06-08 18:00:00,2008-06-08,0,0.5738251814452506,0,1.4007748,0.005555237759051764,0,0.0027584087576669803,0,0.35,LOW (PASS)
2008-06-08 18:34:00,2008-06-08,0,-1.2312977279898982,0,1.4120556,0.002453206785705428,0,0.0021066063563364135,0,1.56,LOW (PASS)
2008-06-08 19:13:00,2008-06-08,0,-1.7282865257178852,0,1.4074016,0.0008507949417791491,0,0.004350445881055281,0,1.16,LOW (PASS)
2008-06-08 19:24:00,2008-06-08,0,-0.34246465762070305,0,1.4014738,0.005059057791114414,0,0.0023491339533072302,0,0.51,LOW (PASS)
2008-06-08 20:00:00,2008-06-08,0,1.1755328179236335,0,1.4025769,0.004275900802662728,0,0.0017314089121952738,0,0.68,LOW (PASS)
2008-06-08 20:17:00,2008-06-08,0,-0.5931939097507067,0,1.4017962,0.004830136281090445,0,0.0015208849627027857,0,0.52,LOW (PASS)
2008-06-08 21:15:00,2008-06-08,0,0.204329441464182,0,1.4088044,0.0001451194131051649,0,0.002639154584942816,0,1.5,LOW (PASS)
2008-06-08 22:27:00,2008-06-08,0,-1.4366913852950434,0,1.4084651,9.573478930822375e-05,0,0.004974908365821891,0,0.53,LOW (PASS)
2008-06-08 23:40:00,2008-06-08,0,1.6601767118964943,0,1.404824,0.0026806436995382107,0,0.0035858923387126307,0,0.69,LOW (PASS)
2008-06-08 23:45:00,2008-06-08,0,0.6745,0,1.4047835,0.002709417567711279,0,0.0012669107098175906,0,1.52,LOW (PASS)
2008-07-08 00:51:00,2008-07-08,0,2.340165138721353,0,1.4012885,0.00020592955717408247,0,0.0033093948511520137,0,1.03,LOW (PASS)
2008-07-08 07:30:00,2008-07-08,0,-0.6780799758745518,0,1.4046469,0.0026030317229149475,0,0.002164857230508283,0,1.34,LOW (PASS)
2008-07-08 08:21:00,2008-07-08,0,-0.49517575392039287,0,1.4069195,0.004225151405141408,0,0.002475090953936585,0,0.26,LOW (PASS)
2008-07-08 08:45:00,2008-07-08,0,0.15312533172496814,0,1.4011456,0.00010390891622834566,0,0.002449674924580683,0,0.99,LOW (PASS)
2008-07-08 08:55:00,2008-07-08,0,3.7913571773220873,0,1.3627561,0.027297354708725286,0,0.0019691973123774696,0,1.83,LOW (PASS)
2008-07-08 10:12:00,2008-07-08,0,0.6709200241254482,0,1.4065751,0.003979331862445633,0,0.004981565627955749,0,0.69,LOW (PASS)
2008-07-08 11:10:00,2008-07-08,0,-1.2694268998793818,0,1.4110652,0.007184260521213042,0,0.00306886074928091,0,0.9,LOW (PASS)
2008-07-08 11:40:00,2008-07-08,1,-0.15312533172496814,0,1.4017991,0.000570361921786752,0,0.996971560449181,1,99.98,CRITICAL (DEFECT)
2008-08-08 04:55:00,2008-08-08,0,0.9814122270742379,0,1.3989365,0.000526752123114168,0,0.003778671266650442,0,0.49,LOW (PASS)
2008-08-08 07:26:00,2008-08-08,0,-0.6485803493449803,0,1.3997203,0.0010873267712688704,0,0.0036104578508730726,0,0.3,LOW (PASS)
2008-08-08 08:44:00,2008-08-08,1,-0.11381082969432142,0,1.402258,0.0029023097537657994,0,0.9969094474273386,1,99.98,CRITICAL (DEFECT)
2008-08-08 12:37:00,2008-08-08,1,-0.05596288209606987,0,1.4013824,0.0022760860593633216,0,0.9982240304013313,1,99.99,CRITICAL (DEFECT)
2008-08-08 20:21:00,2008-08-08,0,0.8975268122270723,0,1.4117488,0.009690080101779257,0,0.006946092701905833,0,0.74,LOW (PASS)
2008-08-08 21:22:00,2008-08-08,0,1.0310130131004394,0,1.3947955,0.0024348724476766915,0,0.004093274672866204,0,0.65,LOW (PASS)
2008-08-08 21:53:00,2008-08-08,0,0.0,0,1.4053473,0.005111783823260722,0,0.0066769685558757,0,2.58,LOW (PASS)
2008-08-08 22:06:00,2008-08-08,0,-0.9089550218340622,0,1.4132987,0.01079861113984883,0,0.003690599732356405,0,0.65,LOW (PASS)
2008-08-08 22:25:00,2008-08-08,0,0.6745,0,1.4017404,0.0025321173397296446,0,0.002041039335438298,0,0.39,LOW (PASS)
2008-09-08 02:15:00,2008-09-08,0,-0.10547393774703431,0,1.4062225,0.003119043737686879,0,0.0017794102937683709,0,0.47,LOW (PASS)
2008-09-08 02:37:00,2008-09-08,0,0.7136569911067178,0,1.4065169,0.003329083930851981,0,0.003620977610843159,0,0.84,LOW (PASS)
2008-09-08 06:05:00,2008-09-08,0,0.9160514245718011,0,1.4043252,0.0017656875942769215,0,0.004459076172768563,0,0.76,LOW (PASS)
2008-09-08 09:16:00,2008-09-08,1,-1.3246171360342538,0,1.4025972,0.000532998266292583,0,0.9978328697872404,1,99.99,CRITICAL (DEFECT)
2008-09-08 09:22:00,2008-09-08,0,-0.4849357295783946,0,1.4048805,0.002161787683249814,0,0.0035705543469558066,0,0.55,LOW (PASS)
2008-09-08 11:42:00,2008-09-08,1,0.3671870471014473,0,1.4078608,0.00428770056953627,0,0.9969361528642473,1,99.98,CRITICAL (DEFECT)
2008-09-08 17:34:00,2008-09-08,0,-1.1157798501317537,0,1.4077284,0.004193310037385151,0,0.00416584942191734,0,0.69,LOW (PASS)
2008-09-08 19:03:00,2008-09-08,0,-0.6537828969038207,0,1.404878,0.0021600019164253336,0,0.0037393664593253664,0,1.97,LOW (PASS)
2008-09-08 20:04:00,2008-09-08,0,-0.6005738224637684,0,1.4058789,0.002873968500155777,0,0.0022958381669472582,0,0.78,LOW (PASS)
2008-09-08 21:07:00,2008-09-08,0,0.10547393774703431,0,1.4046757,0.0020156949497042087,0,0.0019191116414538853,0,1.13,LOW (PASS)
2008-09-08 22:15:00,2008-09-08,0,-0.880948987154153,0,1.4073869,0.003949680420616723,0,0.002453966998592882,0,0.69,LOW (PASS)
2008-09-08 22:37:00,2008-09-08,0,0.6952171030961792,0,1.4092215,0.005258392393414666,0,0.003135644647873106,0,0.57,LOW (PASS)
2008-09-08 23:17:00,2008-09-08,0,0.28265237977601776,0,1.402575,0.0005171814744186117,0,0.0014378016673354333,0,0.39,LOW (PASS)
2008-09-08 23:34:00,2008-09-08,0,0.748315093873515,0,1.4022006,0.00025008177938558144,0,0.001288562186342276,0,0.46,LOW (PASS)
2008-10-08 00:09:00,2008-10-08,0,-1.5772639634548324,0,1.4028763,0.005299173334167626,0,0.0013708630318625922,0,1.6,LOW (PASS)
2008-10-08 00:46:00,2008-10-08,0,-0.6818695017424875,0,1.4028388,0.005325713874823164,0,0.0012068579034785793,0,2.71,LOW (PASS)
2008-10-08 06:00:00,2008-10-08,1,1.1268349345389455,0,1.4146671,0.0030610124483121826,0,0.9983370537805631,1,99.99,CRITICAL (DEFECT)
2008-10-08 06:41:00,2008-10-08,0,0.3413476970895761,0,1.4021852,0.005789159048117169,0,0.0013587679666532692,0,2.82,LOW (PASS)
2008-10-08 07:01:00,2008-10-08,1,-0.5358771310162908,0,1.4091305,0.0008647054203072018,0,0.9969386778439683,1,99.98,CRITICAL (DEFECT)
2008-10-08 11:16:00,2008-10-08,0,0.7426043609305846,0,1.4115696,0.0008647404470589565,0,0.0036029638068511196,0,2.2,LOW (PASS)
2008-10-08 11:49:00,2008-10-08,0,-0.34134769708957036,0,1.3974429,0.009151608881932387,0,0.0012045846168605575,0,1.37,LOW (PASS)
2008-10-08 12:22:00,2008-10-08,0,0.6671304982575125,0,1.401987,0.005929722484773732,0,0.0012590218975387151,0,3.03,LOW (PASS)
2008-10-08 15:59:00,2008-10-08,1,-0.42647814825280245,0,1.4093522,0.000707490752729808,0,0.9986603415513963,1,99.99,CRITICAL (DEFECT)
2008-10-08 19:07:00,2008-10-08,0,0.8258289064707525,0,1.4095203,0.0005883118918243644,0,0.0032469650049364164,0,1.56,LOW (PASS)
2008-10-08 20:07:00,2008-10-08,1,1.327590326834323,0,1.407243,0.00220297414705606,0,0.9979264322237588,1,99.99,CRITICAL (DEFECT)
2008-10-08 22:26:00,2008-10-08,1,-0.40881675614580015,1,1.4067811,0.0025305047045089636,0,0.9961349003837856,1,99.98,CRITICAL (DEFECT)
2008-11-08 03:06:00,2008-11-08,0,0.014882385938660729,0,1.404565,0.0008301043117832467,0,0.0026515305756850734,0,2.74,LOW (PASS)
2008-11-08 04:09:00,2008-11-08,0,2.140541136873582,0,1.4018701,0.0010901080278644406,0,0.0023854655106845864,0,2.99,LOW (PASS)
2008-11-08 05:15:00,2008-11-08,0,-1.7028980927449417,0,1.4019809,0.0010111963555857226,0,0.002746937635148966,0,0.86,LOW (PASS)
2008-11-08 11:35:00,2008-11-08,0,0.0,0,1.4110821,0.005473916070101351,0,0.003592528314311573,0,0.41,LOW (PASS)
2008-11-08 12:38:00,2008-11-08,0,-0.6745,0,1.4044032,0.0007148372081425357,0,0.002164413066004921,0,0.74,LOW (PASS)
2008-12-08 04:23:00,2008-12-08,0,0.0,0,1.4011198,0.0005140124850451222,0,0.0014964868385594595,0,0.21,LOW (PASS)
2008-12-08 06:16:00,2008-12-08,0,-1.1366004026845635,0,1.3975,0.0020707948765200422,0,0.001603103828531219,0,2.7,LOW (PASS)
2008-12-08 10:54:00,2008-12-08,0,0.6730514093959745,0,1.4042925,0.002779517610047437,0,0.0024404138403674343,0,1.05,LOW (PASS)
2008-12-08 11:29:00,2008-12-08,0,0.8050542281879202,0,1.4056756,0.003767217916855954,0,0.0016967434464138132,0,0.67,LOW (PASS)
2008-12-08 12:04:00,2008-12-08,0,-0.6745,0,1.4135695,0.00940399624282737,0,0.002137154494715459,0,2.07,LOW (PASS)
2008-08-13 02:48:00,2008-08-13,0,0.0,0,1.4029242,0.009951825291605957,0,0.002686871579634769,0,0.05,LOW (PASS)
2008-08-15 03:26:00,2008-08-15,0,0.7104443390859086,0,1.4093581,0.007619981130082336,0,0.0008308412216527362,0,0.63,LOW (PASS)
2008-08-15 04:14:00,2008-08-15,0,0.41956381566470335,0,1.4008558,0.0015412627691423482,0,0.0037076262611439995,0,2.54,LOW (PASS)
2008-08-15 05:13:00,2008-08-15,0,-0.21285188697136764,0,1.3983862,0.0002243209775485199,0,0.004713941582754454,0,1.72,LOW (PASS)
2008-08-15 09:38:00,2008-08-15,0,-0.2636344585624897,0,1.4047973,0.004359242157083402,0,0.001670157427062456,0,0.68,LOW (PASS)
2008-08-15 10:14:00,2008-08-15,0,0.9435069220557523,0,1.4063625,0.005478286113158469,0,0.0022615146276049034,0,0.58,LOW (PASS)
2008-08-15 11:42:00,2008-08-15,0,0.0,0,1.4043065,0.004008358381975934,0,0.0030929624658320855,0,0.94,LOW (PASS)
2008-08-15 18:19:00,2008-08-15,0,-1.8244630191541824,0,1.4001751,0.0010546107516870066,0,0.005692433002187867,0,1.14,LOW (PASS)
2008-08-15 19:19:00,2008-08-15,0,-0.4663809975346106,0,1.4017583,0.0021865241393970577,0,0.003663876860863312,0,1.88,LOW (PASS)
2008-08-15 20:00:00,2008-08-15,0,0.6745,0,1.4093626,0.007623134566973028,0,0.008622554010698813,0,1.34,LOW (PASS)
2008-08-15 20:03:00,2008-08-15,0,1.3534770529110551,0,1.4042702,0.0039823638346337484,0,0.0033537153643121566,0,0.51,LOW (PASS)
2008-08-15 23:31:00,2008-08-15,0,-1.3507908211644266,0,1.4083519,0.0069005713788843435,0,0.0023039610534416246,0,1.47,LOW (PASS)
2008-08-16 02:21:00,2008-08-16,0,-0.6771136874999957,0,1.3907768,0.006694411049024298,0,0.005191735399493132,0,0.6,LOW (PASS)
2008-08-16 05:47:00,2008-08-16,0,-0.026558437499996933,0,1.4103407,0.007278215897422475,0,0.0025520204408838645,0,1.58,LOW (PASS)
2008-08-16 06:52:00,2008-08-16,0,0.6718863125000043,0,1.4030613,0.0020792414536953967,0,0.006435482631709225,0,0.52,LOW (PASS)
2008-08-16 07:33:00,2008-08-16,0,0.12031393750000367,0,1.4086952,0.006103031758703019,0,0.004088307699516964,0,0.39,LOW (PASS)
2008-08-16 08:39:00,2008-08-16,0,-1.6089354374999991,0,1.4117606,0.008292315605912473,0,0.004900070615236337,0,0.79,LOW (PASS)
2008-08-16 08:41:00,2008-08-16,0,0.4965163125000028,0,1.3990451,0.0007891171374412022,0,0.0022299029691801382,0,1.63,LOW (PASS)
2008-08-16 09:44:00,2008-08-16,1,0.038699437500001224,0,1.4084561,0.0059322413955739,0,0.9969938072507699,1,99.98,CRITICAL (DEFECT)
2008-08-16 13:51:00,2008-08-16,0,-2.0767011874999954,0,1.4019208,0.0012647093479843893,0,0.0019082438995797824,0,1.27,LOW (PASS)
2008-08-16 14:30:00,2008-08-16,0,0.9408431875000012,0,1.3958087,0.003100576543519193,0,0.0015927774658207586,0,1.29,LOW (PASS)
2008-08-16 15:16:00,2008-08-16,0,-2.1576411874999986,0,1.399705,0.0003177834134717094,0,0.0020318880026780205,0,1.25,LOW (PASS)
2008-08-16 15:19:00,2008-08-16,1,0.026558437499996933,0,1.4071338,0.00498787115238936,0,0.9978121667231376,1,99.99,CRITICAL (DEFECT)
2008-08-16 23:48:00,2008-08-16,0,-1.0920998124999977,0,1.4024403,0.0016357484319907203,0,0.00589054228027143,0,0.56,LOW (PASS)
2008-08-17 00:52:00,2008-08-17,0,1.127746346782988,0,1.4034064,0.0025763365078515874,0,0.0011590812487264018,0,0.63,LOW (PASS)
2008-08-17 01:53:00,2008-08-17,0,0.0,0,1.3992492,0.0003934847925423191,0,0.00465803431790387,0,1.2,LOW (PASS)
2008-08-17 03:17:00,2008-08-17,0,-0.10797884405670902,0,1.4035068,0.0026480421120419835,0,0.0029406506881070227,0,0.31,LOW (PASS)
2008-08-17 03:18:00,2008-08-17,0,1.6058543075245377,0,1.4023868,0.001847954046283352,0,0.0036625005274684417,0,0.6,LOW (PASS)
2008-08-17 03:46:00,2008-08-17,0,-0.6731760087241049,0,1.4048326,0.0035952033113360224,0,0.0038070644780912617,0,0.92,LOW (PASS)
2008-08-17 04:19:00,2008-08-17,0,0.09356205016357226,0,1.3990424,0.0005412392144785858,0,0.004411561049327945,0,1.57,LOW (PASS)
2008-08-17 05:21:00,2008-08-17,0,1.3073678298800446,0,1.3992132,0.0004192034296747413,0,0.0036092060574524592,0,1.2,LOW (PASS)
2008-08-17 12:16:00,2008-08-17,1,-0.8710391494002203,0,1.4003768,0.00041205358042318326,0,0.9972618279648301,1,99.99,CRITICAL (DEFECT)
2008-08-17 13:34:00,2008-08-17,0,-0.7567345692475487,0,1.4047352,0.003525626733398311,0,0.0017899625685873829,0,0.71,LOW (PASS)
2008-08-17 14:21:00,2008-08-17,0,-0.6100657579062209,0,1.4027437,0.002102926230304783,0,0.0018649269603249208,0,0.74,LOW (PASS)
2008-08-17 15:25:00,2008-08-17,0,0.36998200654307734,0,1.3999796,0.00012829696146546534,0,0.003499456579132699,0,1.07,LOW (PASS)
2008-08-17 21:26:00,2008-08-17,1,0.6745,0,1.4063073,0.004648730662214153,0,0.9971383977995815,1,99.99,CRITICAL (DEFECT)
2008-08-17 22:03:00,2008-08-17,1,0.5313618320610681,0,1.4014407,0.0011721159526313562,0,0.9985686758232883,1,99.99,CRITICAL (DEFECT)
2008-08-17 22:21:00,2008-08-17,0,-1.3507653217012048,0,1.4004604,0.00047175147654844146,0,0.004290345259628286,0,0.87,LOW (PASS)
2008-08-17 23:04:00,2008-08-17,1,-0.2266967284623823,0,1.4081101,0.005936621222987732,0,0.9977942866432972,1,99.99,CRITICAL (DEFECT)
2008-08-17 23:20:00,2008-08-17,0,0.9138482006543076,0,1.401666,0.0013330703373342636,0,0.0019348015234130008,0,0.98,LOW (PASS)
2008-08-17 23:55:00,2008-08-17,1,-1.4588912758996768,0,1.4022405,0.0017434614378016233,0,0.9970733476354571,1,99.99,CRITICAL (DEFECT)
2008-08-18 00:02:00,2008-08-18,1,-1.5444232109665397,0,1.4058473,0.0009949098015589514,0,0.9983103567336773,1,99.99,CRITICAL (DEFECT)
2008-08-18 00:20:00,2008-08-18,0,-0.8677292053903335,0,1.4116317,0.005113497982690887,0,0.007527387993569854,0,0.53,LOW (PASS)
2008-08-18 01:23:00,2008-08-18,1,-0.7964240241635648,0,1.3974614,0.0049759948042961515,0,0.9983725001286727,1,99.99,CRITICAL (DEFECT)
2008-08-18 04:01:00,2008-08-18,1,1.4608942843866224,0,1.4054757,0.0007303416717939276,0,0.9973020182460327,1,99.99,CRITICAL (DEFECT)
2008-08-18 04:12:00,2008-08-18,0,-0.5248374767657963,0,1.4008585,0.0025571953195627924,0,0.002773736572702381,0,0.65,LOW (PASS)
2008-08-18 04:35:00,2008-08-18,0,-0.46246503252787774,0,1.4033902,0.000754618042751818,0,0.002942619808917609,0,0.39,LOW (PASS)
2008-08-18 05:03:00,2008-08-18,0,0.448203996282534,0,1.4020131,0.001735141313539612,0,0.002918832587366377,0,0.31,LOW (PASS)
2008-08-18 05:25:00,2008-08-18,0,0.6641568308550209,0,1.4100404,0.003980446983578503,0,0.0024293607239094005,0,0.42,LOW (PASS)
2008-08-18 06:07:00,2008-08-18,0,0.5597848513011198,0,1.4042627,0.00013338796840141437,0,0.0017729600641764162,0,0.58,LOW (PASS)
2008-08-18 06:11:00,2008-08-18,0,1.0238170306691519,0,1.4054816,0.0007345007473019437,0,0.0018960136328663474,0,0.75,LOW (PASS)
2008-08-18 06:26:00,2008-08-18,0,0.024917634758366614,0,1.4088897,0.003161109108499333,0,0.003075895092892528,0,0.54,LOW (PASS)
2008-08-18 07:11:00,2008-08-18,0,-0.6549106644981342,0,1.4074655,0.002147058596371409,0,0.0020504714874086546,0,0.39,LOW (PASS)
2008-08-18 07:23:00,2008-08-18,0,-2.234124535315979,0,1.4076729,0.0022947482164519806,0,0.002218478128394836,0,1.32,LOW (PASS)
2008-08-18 07:29:00,2008-08-18,0,-0.0876035083643075,0,1.4031271,0.0009419461987965429,0,0.0034087209256117115,0,0.29,LOW (PASS)
2008-08-18 08:18:00,2008-08-18,0,-3.029921700743492,0,1.4120052,0.005379424177927916,0,0.0018090211967746164,0,1.43,LOW (PASS)
2008-08-18 08:31:00,2008-08-18,0,0.9261837825278876,0,1.3896523,0.010536254363053665,0,0.003150884540319906,0,1.27,LOW (PASS)
2008-08-18 10:13:00,2008-08-18,0,-0.024917634758359487,0,1.3991351,0.0037842923526115405,0,0.0027893845107637783,0,0.63,LOW (PASS)
2008-08-18 11:04:00,2008-08-18,0,0.9048705855018632,0,1.3939276,0.007492150607553887,0,0.0012003291498563686,0,0.8,LOW (PASS)
2008-08-18 12:00:00,2008-08-18,0,-0.7295068540892157,0,1.4031057,0.0009571395562646016,0,0.0029785687936107245,0,0.4,LOW (PASS)
2008-08-18 12:06:00,2008-08-18,0,1.5257741635687765,0,1.4017615,0.001914236197660305,0,0.002395313412977457,0,0.58,LOW (PASS)
2008-08-18 12:22:00,2008-08-18,0,-0.887005111524163,0,1.4032533,0.000852059240368195,0,0.00329159260144978,0,0.84,LOW (PASS)
2008-08-18 12:49:00,2008-08-18,0,-2.5738819702602216,0,1.393776,0.007600031933486304,0,0.004957938648179068,0,0.99,LOW (PASS)
2008-08-18 13:07:00,2008-08-18,0,-1.3651416124535276,0,1.4067341,0.0016263253669493943,0,0.0016844181014919375,0,0.96,LOW (PASS)
2008-08-18 14:01:00,2008-08-18,0,0.6368884758364369,0,1.4073564,0.002069394227191109,0,0.0029803000686759286,0,0.69,LOW (PASS)
2008-08-18 14:04:00,2008-08-18,0,0.48017379182156683,0,1.4062742,0.0012988618300121273,0,0.0018396871014749066,0,0.84,LOW (PASS)
2008-08-18 14:45:00,2008-08-18,0,-0.2222214219330831,0,1.4020511,0.0017080648831915071,0,0.0018755523499258222,0,0.46,LOW (PASS)
2008-08-18 15:00:00,2008-08-18,0,-0.6848431691449791,0,1.4055518,0.0007844945324901371,0,0.003655206661408128,0,0.65,LOW (PASS)
2008-08-18 15:26:00,2008-08-18,0,1.1421366171003744,0,1.3978084,0.004728911767483196,0,0.003629694607663517,0,0.87,LOW (PASS)
2008-08-18 15:30:00,2008-08-18,0,0.6249781598513033,0,1.4010156,0.00244532467630636,0,0.0016243762640524137,0,0.86,LOW (PASS)
2008-08-18 15:33:00,2008-08-18,0,-0.4082417518587321,0,1.3966279,0.005569469415562448,0,0.0029467106814425902,0,1.08,LOW (PASS)
2008-08-18 15:41:00,2008-08-18,0,0.29336988847584067,0,1.4064765,0.0014429016491366846,0,0.0016671423644069587,0,0.96,LOW (PASS)
2008-08-18 16:19:00,2008-08-18,0,0.9705340381040946,0,1.3948795,0.006814391057931264,0,0.001971865157837857,0,0.79,LOW (PASS)
2008-08-18 17:13:00,2008-08-18,1,0.9592505808550271,0,1.3978221,0.004719150671903157,0,0.9982233101162892,1,99.99,CRITICAL (DEFECT)
2008-08-18 17:16:00,2008-08-18,0,0.3711003717472168,0,1.3954556,0.006404170406293677,0,0.0033134468222673313,0,1.18,LOW (PASS)
2008-08-18 17:37:00,2008-08-18,0,-0.38645841078066717,0,1.4017315,0.0019356257288443877,0,0.0035241408499796013,0,0.97,LOW (PASS)
2008-08-18 19:24:00,2008-08-18,0,0.7313874302973995,0,1.4034388,0.000719987373215684,0,0.0020954640049247303,0,1.29,LOW (PASS)
2008-08-18 19:54:00,2008-08-18,1,0.6207468633829021,0,1.4011799,0.002328361287529907,0,0.9970154180260671,1,99.99,CRITICAL (DEFECT)
2008-08-18 23:00:00,2008-08-18,0,0.6310900325278884,0,1.4052591,0.0005761163616293309,0,0.0035103570940146957,0,0.42,LOW (PASS)
2008-08-18 23:03:00,2008-08-18,0,-0.0604918680297347,0,1.4083172,0.0027535197087137555,0,0.0038135642847313537,0,0.67,LOW (PASS)
2008-08-18 23:47:00,2008-08-18,0,-1.2355385687732305,0,1.408075,0.002581045393769088,0,0.0029994059371991934,0,0.82,LOW (PASS)
2008-08-19 01:10:00,2008-08-19,0,0.11882147083684481,0,1.404663,0.003151533806729075,0,0.0016964334774996635,0,1.2,LOW (PASS)
2008-08-19 03:59:00,2008-08-19,1,-0.10376923076923396,0,1.4099681,0.00694023805656726,0,0.9946115450046114,1,99.97,CRITICAL (DEFECT)
2008-08-19 04:58:00,2008-08-19,0,-1.0121491124260287,0,1.40509,0.003456482655636348,0,0.0037564155879590876,0,1.07,LOW (PASS)
2008-08-19 05:09:00,2008-08-19,0,-0.6629827557058302,0,1.3951979,0.003607995410018158,0,0.0017528499891559962,0,0.43,LOW (PASS)
2008-08-19 05:11:00,2008-08-19,0,0.10376923076922358,0,1.4061326,0.004201061838367507,0,0.0017170070409043858,0,1.26,LOW (PASS)
2008-08-19 05:11:00,2008-08-19,0,-0.5640028740490334,0,1.4021055,0.001325075793201258,0,0.0013668366575937483,0,0.93,LOW (PASS)
2008-08-19 05:40:00,2008-08-19,0,-0.24927421808960704,0,1.4051039,0.0034664432964298018,0,0.0023825460135052726,0,1.01,LOW (PASS)
2008-08-19 05:41:00,2008-08-19,0,-1.1571979712595044,0,1.3973386,0.002079164748746016,0,0.0019243271618008151,0,0.5,LOW (PASS)
2008-08-19 05:53:00,2008-08-19,0,0.18290752324597231,0,1.4017532,0.0010735057629050568,0,0.0027533146868615865,0,0.53,LOW (PASS)
2008-08-19 05:54:00,2008-08-19,0,1.3779641589179836,0,1.4076456,0.00528157853025224,0,0.0031807602626225326,0,2.67,LOW (PASS)
2008-08-19 05:56:00,2008-08-19,1,-0.6860172442941698,0,1.4077959,0.005388932103248352,0,0.9981767403384862,1,99.99,CRITICAL (DEFECT)
2008-08-19 06:24:00,2008-08-19,0,0.3603415046491874,0,1.3952832,0.0035470396937095014,0,0.0023085453322839364,0,0.45,LOW (PASS)
2008-08-19 07:43:00,2008-08-19,0,1.571818765849512,0,1.4011823,0.0006658005598294199,0,0.0018783525443665128,0,1.26,LOW (PASS)
2008-08-19 07:58:00,2008-08-19,1,-0.35281538461538714,0,1.4015005,0.0008930223570749566,0,0.9981740068296624,1,99.99,CRITICAL (DEFECT)
2008-08-19 08:01:00,2008-08-19,0,1.2324591715976105,0,1.3968912,0.0023986714572744906,0,0.002317162744587913,0,0.59,LOW (PASS)
2008-08-19 08:07:00,2008-08-19,0,-3.4059114116652296,0,1.4023813,0.0015220751333384524,0,0.0013156839797928677,0,1.03,LOW (PASS)
2008-08-19 08:33:00,2008-08-19,0,0.24516906170751063,0,1.4041219,0.0027651120241522706,0,0.001069663104942112,0,0.88,LOW (PASS)
2008-08-19 09:04:00,2008-08-19,0,0.4310414201183309,0,1.3968916,0.0023984160562285045,0,0.0021504232312326613,0,1.23,LOW (PASS)
2008-08-19 09:05:00,2008-08-19,0,-1.0338152155536762,0,1.4039929,0.002672997380233323,0,0.0018060792772550812,0,0.76,LOW (PASS)
2008-08-19 10:46:00,2008-08-19,0,-0.5573890109890174,0,1.4007169,0.00033343866531965037,0,0.0031936582777380416,0,0.94,LOW (PASS)
2008-08-19 11:11:00,2008-08-19,0,0.8903628064243255,0,1.4044219,0.002979393501734517,0,0.001598455366051492,0,1.26,LOW (PASS)
2008-08-19 11:13:00,2008-08-19,0,0.4116559594251802,0,1.4051805,0.003521099120270804,0,0.003315565129425411,0,0.53,LOW (PASS)
2008-08-19 11:13:00,2008-08-19,0,-2.8156811496195964,0,1.4011476,0.0006410266583687788,0,0.004008434867368153,0,1.3,LOW (PASS)
2008-08-19 11:28:00,2008-08-19,0,0.15645207100590824,0,1.3948116,0.003883828539683028,0,0.0025710905629888862,0,0.61,LOW (PASS)
2008-08-19 11:44:00,2008-08-19,0,0.16694302620455648,0,1.3999805,0.0001924320883655051,0,0.0020801095211830534,0,1.13,LOW (PASS)
2008-08-19 11:46:00,2008-08-19,0,-1.8153913778529078,0,1.4079752,0.005516973160969328,0,0.004409927135337261,0,1.12,LOW (PASS)
2008-08-19 11:57:00,2008-08-19,0,1.2283540152155348,0,1.3932569,0.0049941420202661265,0,0.0018400056951027007,0,1.26,LOW (PASS)
2008-08-19 11:58:00,2008-08-19,0,-0.9092921386305995,0,1.396578,0.0026224027735582186,0,0.001299926364647514,0,0.74,LOW (PASS)
2008-08-19 12:30:00,2008-08-19,0,-0.30971124260355615,0,1.4047322,0.0032009964759683617,0,0.0014361596145559756,0,1.38,LOW (PASS)
2008-08-19 15:33:00,2008-08-19,0,1.947668639053228,0,1.3879677,0.008771438356716937,0,0.0028900885163791116,0,0.81,LOW (PASS)
2008-08-19 18:12:00,2008-08-19,0,-0.4134804733727797,0,1.3982173,0.001451644378758436,0,0.0027956818864198784,0,0.38,LOW (PASS)
2008-08-19 18:12:00,2008-08-19,0,1.1774956889264394,0,1.4008676,0.00044104763936174787,0,0.002159295654740261,0,0.94,LOW (PASS)
2008-08-19 18:30:00,2008-08-19,0,1.77251530008451,0,1.4067353,0.004631497734535897,0,0.001245066488671332,0,1.08,LOW (PASS)
2008-08-19 18:30:00,2008-08-19,0,-1.6347644970414117,0,1.4074789,0.005162561642822768,0,0.0019242070363670095,0,0.86,LOW (PASS)
2008-08-19 19:38:00,2008-08-19,0,0.1290843617920496,0,1.4039179,0.0026194482942582605,0,0.0021825592020816085,0,0.68,LOW (PASS)
2008-08-19 20:53:00,2008-08-19,0,-2.911696196111566,0,1.40413,0.0027709011145279528,0,0.0022354599508312817,0,1.36,LOW (PASS)
2008-08-20 00:05:00,2008-08-20,0,0.23757919966652807,0,1.4086317,0.004049782171932853,0,0.0014910709535124707,0,0.6,LOW (PASS)
2008-08-20 01:33:00,2008-08-20,0,-0.0027553563984981516,0,1.4074103,0.0031791811706660287,0,0.0022344616678008577,0,0.82,LOW (PASS)
2008-08-20 01:42:00,2008-08-20,0,-1.2053278449353884,0,1.4130322,0.007186358920006596,0,0.001594742628882177,0,1.2,LOW (PASS)
2008-08-20 02:13:00,2008-08-20,0,0.5417930387661555,0,1.4045722,0.001156304141858758,0,0.003050198958109531,0,0.58,LOW (PASS)
2008-08-20 02:27:00,2008-08-20,1,-1.0907275114631076,0,1.406706,0.0026771793440522867,0,0.9979380259617394,1,99.99,CRITICAL (DEFECT)
2008-08-20 03:00:00,2008-08-20,0,0.6737127553147177,0,1.401278,0.0011917524723328715,0,0.002370439093101869,0,1.55,LOW (PASS)
2008-08-20 03:12:00,2008-08-20,1,-0.6484084618591061,0,1.4021819,0.0005475111301891018,0,0.9958785649814305,1,99.98,CRITICAL (DEFECT)
2008-08-20 06:36:00,2008-08-20,0,-2.7675586911213053,0,1.4055661,0.0018646977147224626,0,0.0037175282379646422,0,1.57,LOW (PASS)
2008-08-20 07:12:00,2008-08-20,0,0.06843405585660743,0,1.4075681,0.0032916812414914513,0,0.004717604704042772,0,0.67,LOW (PASS)
2008-08-20 08:40:00,2008-08-20,1,-0.6752872446852822,0,1.4037446,0.0005663585287613966,0,0.9960364110998421,1,99.98,CRITICAL (DEFECT)
2008-08-20 09:17:00,2008-08-20,1,-0.8908798249270508,0,1.3974621,0.003911637115174084,0,0.9968310759590994,1,99.98,CRITICAL (DEFECT)
2008-08-20 10:26:00,2008-08-20,0,-1.5692598165902467,0,1.4020844,0.0006170164609558657,0,0.001294076961852006,0,0.59,LOW (PASS)
2008-08-20 16:08:00,2008-08-20,0,0.1048722384326835,0,1.4018503,0.0007838122608276963,0,0.0011515763430281795,0,0.37,LOW (PASS)
2008-08-20 16:16:00,2008-08-20,0,-1.3242017924135063,0,1.388272,0.01046213217565252,0,0.004696897316873206,0,0.79,LOW (PASS)
2008-08-20 17:09:00,2008-08-20,0,-0.748276073363901,0,1.4009172,0.0014489561841067031,0,0.0023637033264939603,0,1.48,LOW (PASS)
2008-08-20 17:35:00,2008-08-20,0,0.2671571071279716,0,1.4082186,0.0037553616693572585,0,0.0029160550525253164,0,0.47,LOW (PASS)
2008-08-20 17:36:00,2008-08-20,0,-1.4553342642767813,0,1.4071522,0.00299522146270754,0,0.0016082502415602892,0,0.69,LOW (PASS)
2008-08-20 18:29:00,2008-08-20,0,0.054376115047937136,0,1.3997997,0.0022454634831380535,0,0.0031756142487911936,0,0.76,LOW (PASS)
2008-08-20 18:35:00,2008-08-20,0,0.024460817007088367,0,1.4051245,0.0015499694199057226,0,0.0021734501273858223,0,0.28,LOW (PASS)
2008-08-20 19:20:00,2008-08-20,1,-1.6447228428511893,0,1.3996584,0.002346152745923647,0,0.9968184727267199,1,99.98,CRITICAL (DEFECT)
2008-08-20 20:19:00,2008-08-20,0,-0.46779203834931066,0,1.4059976,0.0021722885428100973,0,0.0009386389475018905,0,0.53,LOW (PASS)
2008-08-20 21:33:00,2008-08-20,0,0.36275110462692967,0,1.3932781,0.0068939086301519304,0,0.001283650583690662,0,0.9,LOW (PASS)
2008-08-20 21:41:00,2008-08-20,0,0.824076490204254,0,1.4023447,0.00043144232599912687,0,0.001411713040337998,0,0.49,LOW (PASS)
2008-08-20 21:58:00,2008-08-20,0,0.002755356398503266,0,1.4115417,0.006123980985316073,0,0.001834348473083719,0,0.94,LOW (PASS)
2008-08-20 22:13:00,2008-08-20,0,0.29111183826594705,0,1.4038154,0.0006168306149172129,0,0.0011938155023059466,0,0.64,LOW (PASS)
2008-08-20 22:45:00,2008-08-20,0,-1.4110236348478518,0,1.40255,0.00028512425805246746,0,0.001144832981735956,0,1.08,LOW (PASS)
2008-08-20 23:18:00,2008-08-20,0,0.8717610254272663,0,1.4111778,0.0058645680576498984,0,0.0036026106443218225,0,1.14,LOW (PASS)
2008-08-20 23:43:00,2008-08-20,1,0.7296071279699886,0,1.4017434,0.0008600302091134998,0,0.9956530086257875,1,99.98,CRITICAL (DEFECT)
2008-08-21 02:11:00,2008-08-21,0,0.9047617921593146,0,1.4071845,0.0037694870717725464,0,0.002824267660776902,0,0.58,LOW (PASS)
2008-08-21 02:46:00,2008-08-21,0,-1.1890003733665246,0,1.4029338,0.0007374481837467763,0,0.0019090877961404841,0,0.45,LOW (PASS)
2008-08-21 04:22:00,2008-08-21,0,0.2926331051649104,0,1.4112865,0.006695489207032572,0,0.0032987712523180873,0,1.59,LOW (PASS)
2008-08-21 04:29:00,2008-08-21,0,-0.6574591163659013,0,1.4015068,0.00028048763610785226,0,0.0013772972900462312,0,1.02,LOW (PASS)
2008-08-21 05:06:00,2008-08-21,0,0.1460647168637268,0,1.4000521,0.0013181512239188982,0,0.0023914003654708516,0,0.53,LOW (PASS)
2008-08-21 05:15:00,2008-08-21,0,-0.02820560049781947,0,1.4051172,0.0022948364170303384,0,0.003498538514218007,0,0.84,LOW (PASS)
2008-08-21 06:10:00,2008-08-21,1,-1.3419485998755507,0,1.4070934,0.0037045214910884816,0,0.9983553295588147,1,99.99,CRITICAL (DEFECT)
2008-08-21 11:22:00,2008-08-21,0,2.691955942750487,0,1.4063209,0.003153504524029924,0,0.0009701197431163183,0,1.31,LOW (PASS)
2008-08-21 12:00:00,2008-08-21,0,-2.2925444928438194,0,1.4016895,0.0001501313073268694,0,0.0011776297656151543,0,1.18,LOW (PASS)
2008-08-21 12:31:00,2008-08-21,0,0.028205600497827103,0,1.40054,0.0009701091797567569,0,0.002376377406129936,0,0.42,LOW (PASS)
2008-08-21 12:33:00,2008-08-21,0,1.3627670192906216,0,1.4031296,0.0008770731621279725,0,0.0014391607341192859,0,0.89,LOW (PASS)
2008-08-21 12:43:00,2008-08-21,0,1.1807737398880045,0,1.4015349,0.00026041973422115167,0,0.0013868890190735334,0,0.83,LOW (PASS)
2008-08-21 12:52:00,2008-08-21,0,0.17359875544493206,0,1.4068543,0.003533944325051527,0,0.0022155659829749042,0,1.27,LOW (PASS)
2008-08-21 13:11:00,2008-08-21,0,-1.476596764156821,0,1.3995148,0.0017013971298653365,0,0.0012199780075032144,0,0.93,LOW (PASS)
2008-08-21 13:19:00,2008-08-21,0,-0.30102762912258796,0,1.4025505,0.0004639805037991959,0,0.0014814833025993503,0,0.56,LOW (PASS)
2008-08-21 13:29:00,2008-08-21,0,-0.9492527691350324,0,1.4042377,0.0016675444161058045,0,0.0022226683778606197,0,0.98,LOW (PASS)
2008-08-21 13:45:00,2008-08-21,0,-0.515591661481017,0,1.3947749,0.005082413430361526,0,0.000816863311672127,0,0.91,LOW (PASS)
2008-08-21 14:47:00,2008-08-21,0,-0.19257037958929477,0,1.3956531,0.0044559717642626995,0,0.0029351222284608757,0,0.83,LOW (PASS)
2008-08-21 15:05:00,2008-08-21,0,0.6037341630367268,0,1.4028263,0.0006607479824679462,0,0.0016367037539836962,0,0.71,LOW (PASS)
2008-08-21 15:06:00,2008-08-21,0,0.5582358431860723,0,1.3989165,0.0021281801788880063,0,0.0028506999973325633,0,0.92,LOW (PASS)
2008-08-21 15:32:00,2008-08-21,0,-0.6915408836340987,0,1.4037299,0.0013053017803543454,0,0.0019184065665312077,0,0.94,LOW (PASS)
2008-08-21 15:48:00,2008-08-21,0,0.9939116365899304,0,1.4030715,0.00083566185611601,0,0.0022383967043625936,0,0.92,LOW (PASS)
2008-08-21 15:50:00,2008-08-21,0,-1.51386845052894,0,1.4072727,0.003832411848874912,0,0.001563998792663312,0,0.81,LOW (PASS)
2008-08-21 16:19:00,2008-08-21,1,-1.5793457373988857,0,1.3972477,0.0033185639013961466,0,0.9963058010456032,1,99.98,CRITICAL (DEFECT)
2008-08-21 16:36:00,2008-08-21,0,2.9560476664592636,0,1.405925,0.0028711083284124134,0,0.0013934544234795727,0,0.91,LOW (PASS)
2008-08-21 17:25:00,2008-08-21,0,1.332210952084645,0,1.4048111,0.0020765554672711847,0,0.0017748720002722313,0,0.56,LOW (PASS)
2008-08-21 17:44:00,2008-08-21,0,-0.5352348475420016,0,1.4035068,0.0011461191009818732,0,0.0021880662750920587,0,1.01,LOW (PASS)
2008-08-21 18:04:00,2008-08-21,0,0.2944799004356033,0,1.4106885,0.006268961258457615,0,0.004358403916466543,0,0.64,LOW (PASS)
2008-08-21 18:05:00,2008-08-21,1,1.4861665214685924,0,1.3992876,0.0018634709476452146,0,0.9957734506375405,1,99.98,CRITICAL (DEFECT)
2008-08-21 18:39:00,2008-08-21,0,-0.6149828251400108,0,1.4035535,0.0011794522261496132,0,0.001381717733579489,0,0.73,LOW (PASS)
2008-08-21 18:53:00,2008-08-21,0,0.262244928438091,0,1.3992294,0.001904967287139748,0,0.0011298071808697942,0,0.26,LOW (PASS)
2008-08-21 19:12:00,2008-08-21,0,0.621698444306168,0,1.3906246,0.008042854126062713,0,0.001498941804157339,0,0.44,LOW (PASS)
2008-08-21 19:12:00,2008-08-21,0,-0.7994944617299352,0,1.3982939,0.0025723100583551124,0,0.0026303456693841172,0,0.94,LOW (PASS)
2008-08-21 19:46:00,2008-08-21,0,-1.7185269446173053,0,1.4089806,0.005050686553666263,0,0.0015577818722673684,0,0.57,LOW (PASS)
2008-08-21 20:19:00,2008-08-21,0,-0.48033466085874077,0,1.4033787,0.0010547931407008716,0,0.0026764330532740516,0,0.43,LOW (PASS)
2008-08-21 20:21:00,2008-08-21,0,-2.596929931549486,0,1.4059856,0.002914305337558362,0,0.004032887031371664,0,0.85,LOW (PASS)
2008-08-21 20:37:00,2008-08-21,0,-1.2126729309271944,0,1.4063842,0.0031986573032750003,0,0.0021581286948779616,0,0.68,LOW (PASS)
2008-08-21 21:32:00,2008-08-21,0,0.283567019290611,0,1.4005758,0.0009445991349855274,0,0.0015299936973961273,0,0.79,LOW (PASS)
2008-08-21 22:25:00,2008-08-21,0,0.1292756689483564,0,1.3987119,0.0022740976349794394,0,0.0014942026797951369,0,0.89,LOW (PASS)
2008-08-21 22:41:00,2008-08-21,0,0.16889782202863263,0,1.4045299,0.0018759614818867497,0,0.0018438189430448248,0,0.57,LOW (PASS)
2008-08-21 23:08:00,2008-08-21,0,0.6342902302426959,0,1.3967482,0.003674854193367652,0,0.0018640750254598376,0,0.59,LOW (PASS)
2008-08-21 23:27:00,2008-08-21,0,0.9042581207218502,0,1.4098495,0.00567049560812457,0,0.0013515466446061063,0,0.85,LOW (PASS)
2008-08-21 23:53:00,2008-08-21,0,-1.9789250777847036,0,1.4048537,0.0021069124205489475,0,0.0017460329458821831,0,0.87,LOW (PASS)
2008-08-21 23:57:00,2008-08-21,0,-0.09939116365898616,0,1.4031665,0.0009034335417249098,0,0.0015623280979274962,0,0.44,LOW (PASS)
2008-08-22 00:43:00,2008-08-22,0,0.1537984185058389,0,1.3993117,4.406737866872214e-05,0,0.0028393408948601275,0,0.76,LOW (PASS)
2008-08-22 00:44:00,2008-08-22,0,-0.05365431370234659,0,1.4112711,0.008591037602646416,0,0.000789419327437888,0,0.81,LOW (PASS)
2008-08-22 00:47:00,2008-08-22,0,-1.1004706715448995,0,1.4120505,0.009148039400084353,0,0.002913399009495823,0,0.94,LOW (PASS)
2008-08-22 01:04:00,2008-08-22,1,0.3310009441756142,0,1.3994384,0.00013462915760364524,0,0.997819846316089,1,99.99,CRITICAL (DEFECT)
2008-08-22 01:26:00,2008-08-22,0,-0.6838138793815655,0,1.4090302,0.006989550941857437,0,0.002619194511093721,0,0.54,LOW (PASS)
2008-08-22 01:27:00,2008-08-22,0,-2.7314344388056013,0,1.396542,0.001935342190262607,0,0.0015075243507104883,0,0.69,LOW (PASS)
2008-08-22 01:54:00,2008-08-22,0,4.009107636020277,0,1.4030495,0.002715341676415207,0,0.0017725058850318446,0,1.61,LOW (PASS)
2008-08-22 02:01:00,2008-08-22,0,2.1315250796648075,0,1.3966482,0.0018594338694432125,0,0.001108363767459274,0,0.59,LOW (PASS)
2008-08-22 02:25:00,2008-08-22,0,0.6510162870293817,0,1.4077911,0.006104039060155095,0,0.0024948827159211517,0,1.3,LOW (PASS)
2008-08-22 02:52:00,2008-08-22,0,-0.629522719225772,0,1.3973341,0.0013692245787644284,0,0.0013670038339994603,0,0.7,LOW (PASS)
2008-08-22 03:18:00,2008-08-22,0,0.0531766788622704,0,1.40487,0.004016432445835851,0,0.001570614508995231,0,0.5,LOW (PASS)
2008-08-22 03:58:00,2008-08-22,0,-0.6627979464180318,0,1.3971266,0.0015175482449221905,0,0.0028283469944786737,0,0.64,LOW (PASS)
2008-08-22 04:40:00,2008-08-22,0,-0.10905995515165616,0,1.3952019,0.002893013833731535,0,0.0022012591127355146,0,0.98,LOW (PASS)
2008-08-22 04:57:00,2008-08-22,0,1.7879464180337397,0,1.3916606,0.005423887556045514,0,0.004337650573371029,0,1.06,LOW (PASS)
2008-08-22 05:21:00,2008-08-22,0,1.542760533459216,0,1.3992213,2.051007046831614e-05,0,0.0018036998895432609,0,0.79,LOW (PASS)
2008-08-22 05:31:00,2008-08-22,0,-0.10937837837837604,0,1.3902988,0.006397064602869246,0,0.0010918518079675516,0,0.35,LOW (PASS)
2008-08-22 05:32:00,2008-08-22,0,0.9517670246665786,0,1.4006056,0.000968768741377711,0,0.001542726391135787,0,0.54,LOW (PASS)
2008-08-22 06:00:00,2008-08-22,1,-1.2116003776702384,0,1.4164165,0.012268288838928717,0,0.9974973848890144,1,99.99,CRITICAL (DEFECT)
2008-08-22 07:04:00,2008-08-22,0,-0.18834733860497832,0,1.3961563,0.002210946475168041,0,0.0008120784206105165,0,0.86,LOW (PASS)
2008-08-22 07:17:00,2008-08-22,0,0.38083417915732226,0,1.3992803,2.1661218875791973e-05,0,0.0029174380704946224,0,0.51,LOW (PASS)
2008-08-22 07:27:00,2008-08-22,0,-0.8353833353003653,0,1.3958272,0.002446168555731844,0,0.0013833470828903587,0,0.68,LOW (PASS)
2008-08-22 09:29:00,2008-08-22,0,-0.8441399740351656,0,1.4064314,0.0051323103202381305,0,0.002030716181973462,0,0.9,LOW (PASS)
2008-08-22 09:29:00,2008-08-22,0,-0.9442840788386577,0,1.4023681,0.0022283697776456675,0,0.002803458511075333,0,1.0,LOW (PASS)
2008-08-22 10:01:00,2008-08-22,0,-0.0531766788622704,0,1.3943942,0.003470291927864215,0,0.0026380484779568616,0,0.14,LOW (PASS)
2008-08-22 10:18:00,2008-08-22,0,1.437680868641555,0,1.3970058,0.001603850297660739,0,0.001135068844645154,0,0.89,LOW (PASS)
2008-08-22 10:47:00,2008-08-22,0,-0.4411753806207936,0,1.3958094,0.00245886253979704,0,0.0022373446621060853,0,0.95,LOW (PASS)
2008-08-22 11:32:00,2008-08-22,0,-0.6651861206184344,0,1.3886687,0.007562099717577687,0,0.001455170572839993,0,0.95,LOW (PASS)
2008-08-22 12:13:00,2008-08-22,0,0.35488268617962687,0,1.4088095,0.006831855878067651,0,0.0008452637554138483,0,0.51,LOW (PASS)
2008-08-22 12:37:00,2008-08-22,0,-0.1865960108580226,0,1.4046063,0.0038279821589082413,0,0.003958072459562809,0,0.85,LOW (PASS)
2008-08-22 12:42:00,2008-08-22,0,-0.7401747905110347,0,1.4061189,0.004908930278500249,0,0.0016212552048132012,0,1.07,LOW (PASS)
2008-08-22 13:22:00,2008-08-22,0,0.35790770683346934,0,1.3985565,0.0004956399304119342,0,0.00201971701287904,0,0.37,LOW (PASS)
2008-08-22 14:45:00,2008-08-22,0,1.6984694913253746,0,1.4034795,0.0030226383242216675,0,0.0018261654447862563,0,0.98,LOW (PASS)
2008-08-22 15:25:00,2008-08-22,0,0.8842613006019064,0,1.4020718,0.002016661385685852,0,0.0025148144922595393,0,0.59,LOW (PASS)
2008-08-22 15:39:00,2008-08-22,0,0.471425587159211,0,1.4015867,0.0016699196733009631,0,0.0009320794864127463,0,0.4,LOW (PASS)
2008-08-22 15:54:00,2008-08-22,0,0.40790015342853364,0,1.3949696,0.003059057960866215,0,0.0025501098036512116,0,0.75,LOW (PASS)
2008-08-22 19:14:00,2008-08-22,1,-0.250917502655496,0,1.4103243,0.007914422693614281,0,0.9948880701561381,1,99.97,CRITICAL (DEFECT)
2008-08-22 23:46:00,2008-08-22,0,1.3689014516700033,0,1.4029574,0.002649571503943184,0,0.0013312138915222002,0,1.13,LOW (PASS)
2008-08-22 23:47:00,2008-08-22,0,-1.3026694205122105,0,1.3913239,0.005664476891616749,0,0.0017752517345264872,0,0.98,LOW (PASS)
2008-08-22 23:49:00,2008-08-22,0,1.4707968842204584,0,1.403109,0.002757853743855025,0,0.0014036278482603161,0,1.43,LOW (PASS)
2008-08-22 23:56:00,2008-08-22,0,0.9600460285613027,0,1.4083519,0.006504794100710013,0,0.0009259969874260071,0,1.06,LOW (PASS)
2008-08-23 02:04:00,2008-08-23,0,1.0242192605330946,0,1.395132,0.004259518802915992,0,0.0015016808951034853,0,0.99,LOW (PASS)
2008-08-23 03:26:00,2008-08-23,0,-2.143166236744026,0,1.4027323,0.0011649713974248874,0,0.0026961260946999654,0,1.16,LOW (PASS)
2008-08-23 04:50:00,2008-08-23,0,0.024745199197481423,0,1.4082851,0.005128177652868744,0,0.0028994108087160827,0,0.63,LOW (PASS)
2008-08-23 04:52:00,2008-08-23,0,-1.3109155918601185,0,1.4005791,0.00037178031219549276,0,0.0018088217389387322,0,0.88,LOW (PASS)
2008-08-23 05:57:00,2008-08-23,0,0.9082261392949188,0,1.399247,0.0013224869672335909,0,0.0018721120796166254,0,1.02,LOW (PASS)
2008-08-23 05:57:00,2008-08-23,0,3.834345944396642,0,1.3956774,0.003870183412415335,0,0.002797480540776587,0,1.44,LOW (PASS)
2008-08-23 05:58:00,2008-08-23,0,-0.5097897678417815,0,1.4057909,0.0033480062421508156,0,0.0035198815529640295,0,2.2,LOW (PASS)
2008-08-23 05:58:00,2008-08-23,0,0.07500888506735595,0,1.4098094,0.0062160365477423,0,0.0033789718481309974,0,0.37,LOW (PASS)
2008-08-23 09:24:00,2008-08-23,0,-2.826752364574346,0,1.4003525,0.0005335212600411545,0,0.0024739830076232006,0,1.33,LOW (PASS)
2008-08-23 12:58:00,2008-08-23,0,-0.1643235884207494,0,1.409028,0.005658408892728903,0,0.002251047359196841,0,0.68,LOW (PASS)
2008-08-23 13:02:00,2008-08-23,0,-0.09975408426482858,0,1.4052709,0.0029768784070625586,0,0.0014339072048183605,0,0.92,LOW (PASS)
2008-08-23 15:10:00,2008-08-23,0,0.0,0,1.4110101,0.007073067882644641,0,0.0009178074713913616,0,0.36,LOW (PASS)
2008-08-23 15:29:00,2008-08-23,1,0.6745,0,1.407577,0.0046227903671226984,0,0.9974122370468362,1,99.99,CRITICAL (DEFECT)
2008-08-24 02:32:00,2008-08-24,0,0.0,0,1.4062566,0.0036087071252169853,0,0.0014559799421518024,0,1.05,LOW (PASS)
2008-08-24 04:00:00,2008-08-24,0,1.3472517914316244,0,1.4150025,0.009850390197120994,0,0.001889315231338832,0,0.92,LOW (PASS)
2008-08-24 07:12:00,2008-08-24,0,1.7039891751791494,0,1.4057989,0.0032821005048064475,0,0.0018457191440822591,0,0.5,LOW (PASS)
2008-08-24 07:14:00,2008-08-24,0,-0.6847835798140007,0,1.3975235,0.00262378774272653,0,0.0018485412090624078,0,0.49,LOW (PASS)
2008-08-24 10:09:00,2008-08-24,0,0.6745,0,1.4070808,0.0041969223306138215,0,0.003068543865007641,0,1.1,LOW (PASS)
2008-08-24 10:14:00,2008-08-24,0,-0.4904239213294738,0,1.4039228,0.0019431750054521787,0,0.0014855449958181134,0,0.35,LOW (PASS)
2008-08-24 13:03:00,2008-08-24,1,-0.06530073181887888,0,1.4010111,0.00013480538098371026,0,0.9982471635090341,1,99.99,CRITICAL (DEFECT)
2008-08-25 09:29:00,2008-08-25,0,0.0,0,1.411058,0.0061571977474717335,0,0.0011744320600866887,0,0.03,LOW (PASS)
2008-08-27 00:46:00,2008-08-27,0,0.5454601968756654,0,1.4057553,0.00032397225406797375,0,0.0013245584163166443,0,1.72,LOW (PASS)
2008-08-27 11:38:00,2008-08-27,0,1.782019473571566,0,1.4042478,0.00074875951021121,0,0.0013669299771489499,0,0.97,LOW (PASS)
2008-08-27 12:22:00,2008-08-27,0,1.010956130965113,0,1.4049447,0.00025285646624662766,0,0.0013763629679378988,0,1.92,LOW (PASS)
2008-08-27 13:35:00,2008-08-27,0,-0.6120008559811665,0,1.4062446,0.0006721901800814206,0,0.0013031716253580035,0,2.06,LOW (PASS)
2008-08-27 14:18:00,2008-08-27,0,-0.03738401455168177,0,1.4096652,0.0031062377243030637,0,0.000822963901506168,0,0.28,LOW (PASS)
2008-08-27 17:14:00,2008-08-27,0,0.0373840145516752,0,1.3998632,0.003868724265089304,0,0.0008311369272349438,0,1.51,LOW (PASS)
2008-08-27 22:48:00,2008-08-27,0,-0.7369991440188336,0,1.4058167,0.0003676585468565061,0,0.0016088636965605188,0,2.02,LOW (PASS)
2008-08-27 22:58:00,2008-08-27,0,-1.0018627220201146,0,1.4095157,0.002999863722056812,0,0.0030463596708410175,0,0.55,LOW (PASS)
2008-08-28 03:03:00,2008-08-28,0,0.0,0,1.4005911,0.0008511694392811519,0,0.0010163777123190925,0,1.37,LOW (PASS)
2008-08-28 03:04:00,2008-08-28,0,-0.46305330933259253,0,1.4026778,0.002342254542500991,0,0.0013226770123062116,0,0.58,LOW (PASS)
2008-08-28 03:29:00,2008-08-28,0,0.9518836887288813,0,1.4004546,0.0007536321653330992,0,0.0013476723333473578,0,1.14,LOW (PASS)
2008-08-28 03:38:00,2008-08-28,0,3.341866380504009,0,1.3918239,0.005413790222299234,0,0.0010859813326438506,0,1.33,LOW (PASS)
2008-08-28 03:45:00,2008-08-28,0,-0.16885848795347422,0,1.4052188,0.004158066360384565,0,0.0008948986454017403,0,0.64,LOW (PASS)
2008-08-28 04:10:00,2008-08-28,0,-1.1224232899473732,0,1.3834229,0.011417060359365716,0,0.0017277146950107312,0,0.96,LOW (PASS)
2008-08-28 04:20:00,2008-08-28,0,1.5895859872611477,0,1.4090016,0.00686116922232309,0,0.0012893133980398305,0,1.46,LOW (PASS)
2008-08-28 04:54:00,2008-08-28,0,0.4068294101356988,0,1.397729,0.001194046639512559,0,0.001640089614411709,0,0.87,LOW (PASS)
2008-08-28 05:00:00,2008-08-28,0,0.4088841041262855,0,1.4066948,0.005212746699904951,0,0.001529058192729035,0,0.7,LOW (PASS)
2008-08-28 06:15:00,2008-08-28,0,0.43764981999446523,0,1.4044034,0.00357539827845908,0,0.0010646866760673159,0,1.09,LOW (PASS)
2008-08-28 06:39:00,2008-08-28,0,-0.8560602326225378,0,1.3912235,0.0058427838568864765,0,0.0010006244297129597,0,0.53,LOW (PASS)
2008-08-28 06:56:00,2008-08-28,0,-0.4539005815563489,0,1.4058381,0.0046006044723148135,0,0.0012002360439057151,0,0.5,LOW (PASS)
2008-08-28 07:40:00,2008-08-28,0,-1.7111865134311703,0,1.4134976,0.010073936285162226,0,0.0018482155954655428,0,0.77,LOW (PASS)
2008-08-28 07:51:00,2008-08-28,0,0.2891514815840481,0,1.3986845,0.0005112857218761896,0,0.001316055606808755,0,0.88,LOW (PASS)
2008-08-28 08:41:00,2008-08-28,0,1.4694797839933498,0,1.4011449,0.001246855585559497,0,0.0005339014868108097,0,0.93,LOW (PASS)
2008-08-28 09:46:00,2008-08-28,0,0.32650955414012656,0,1.3823122,0.012210732657508954,0,0.0008864580088215443,0,1.54,LOW (PASS)
2008-08-28 09:49:00,2008-08-28,0,-0.23404832456382713,0,1.4102802,0.007774867737927294,0,0.0010210618188486065,0,0.72,LOW (PASS)
2008-08-28 10:15:00,2008-08-28,0,-0.746227499307665,0,1.396837,0.001831488928554724,0,0.002288092554413409,0,0.72,LOW (PASS)
2008-08-28 10:28:00,2008-08-28,0,0.47594184436444065,0,1.409365,0.007120899482818821,0,0.0014368623507795225,0,0.78,LOW (PASS)
2008-08-28 10:32:00,2008-08-28,0,-1.19209609526446,0,1.4018837,0.0017748346457603975,0,0.0008603671165620882,0,1.03,LOW (PASS)
2008-08-28 11:19:00,2008-08-28,0,0.03530337856550032,0,1.4051138,0.0040830180299494265,0,0.001360690535314975,0,0.61,LOW (PASS)
2008-08-28 12:44:00,2008-08-28,0,0.3984238438105845,0,1.4083757,0.0064139459138276515,0,0.0012799146859851919,0,0.79,LOW (PASS)
2008-08-28 14:48:00,2008-08-28,0,1.3110815563555767,0,1.389949,0.006753586069159472,0,0.0009208932870632601,0,1.31,LOW (PASS)
2008-08-28 15:19:00,2008-08-28,0,-0.25085945721406416,0,1.4038659,0.003191297345505569,0,0.002003231393593006,0,0.8,LOW (PASS)
2008-08-28 16:01:00,2008-08-28,0,-0.521518692882849,0,1.4038743,0.003197260322952175,0,0.001235908600238413,0,0.6,LOW (PASS)
2008-08-28 16:43:00,2008-08-28,0,-0.34313389642757913,0,1.4087335,0.006669587275502853,0,0.001862487144144141,0,0.54,LOW (PASS)
2008-08-28 16:52:00,2008-08-28,0,0.6070686790362759,0,1.4078383,0.006029930166266235,0,0.0014194124704198481,0,0.46,LOW (PASS)
2008-08-28 17:21:00,2008-08-28,0,-1.6355364165051163,0,1.4002573,0.000612650341416918,0,0.0016763890774426826,0,0.72,LOW (PASS)
2008-08-28 17:27:00,2008-08-28,0,-0.45763638881196184,0,1.4008338,0.0010246068975852877,0,0.0021156963291642334,0,0.57,LOW (PASS)
2008-08-28 17:32:00,2008-08-28,0,0.9169538908889499,0,1.4151447,0.011250942847730126,0,0.0018798354623251808,0,0.76,LOW (PASS)
2008-08-28 18:05:00,2008-08-28,0,1.2055450013846531,0,1.4190584,0.014047664455580361,0,0.0011339442701124908,0,1.07,LOW (PASS)
2008-08-28 18:10:00,2008-08-28,0,1.3615149543062877,0,1.4126676,0.009480875585401227,0,0.0016913042095927145,0,0.87,LOW (PASS)
2008-08-28 18:15:00,2008-08-28,0,-0.8917371919135901,0,1.4118738,0.008913626059444821,0,0.0011449507915853097,0,0.54,LOW (PASS)
2008-08-28 18:25:00,2008-08-28,0,-1.6332949321517451,0,1.405822,0.004589104444382074,0,0.0006850797787685928,0,0.59,LOW (PASS)
2008-08-28 18:47:00,2008-08-28,0,0.40664261977291427,0,1.2899399,0.07821876335663332,0,0.0013259551054812463,0,0.75,LOW (PASS)
2008-08-28 18:57:00,2008-08-28,0,0.2975570479091708,0,1.4056245,0.004447952249681704,0,0.0027333686166744133,0,0.99,LOW (PASS)
2008-08-28 20:20:00,2008-08-28,0,-0.868948767654386,0,1.4027334,0.0023820361206090615,0,0.0015449711176526316,0,0.85,LOW (PASS)
2008-08-28 20:39:00,2008-08-28,1,-0.8947258377180737,0,1.4036084,0.0030072968985817316,0,0.9987056127659343,1,99.99,CRITICAL (DEFECT)
2008-08-28 21:03:00,2008-08-28,0,-1.059288147327607,0,1.3951693,0.0030232325639549494,0,0.0010944511816581308,0,0.6,LOW (PASS)
2008-08-28 21:52:00,2008-08-28,0,0.6745,0,1.4086127,0.006583294473311257,0,0.0017679263266357971,0,0.57,LOW (PASS)
2008-08-28 22:57:00,2008-08-28,0,-1.252242592079751,0,1.4173478,0.012825254079026164,0,0.0014756862397383474,0,1.21,LOW (PASS)
2008-08-28 23:40:00,2008-08-28,0,-0.4516590972029862,0,1.4018214,0.0017302826856950423,0,0.0024482843296791106,0,0.75,LOW (PASS)
2008-08-28 23:42:00,2008-08-28,0,0.8885617557463306,0,1.4053001,0.004216162797792925,0,0.0036126319877267834,0,0.94,LOW (PASS)
2008-08-29 00:49:00,2008-08-29,0,-0.2748376974919914,0,1.4067495,0.0013164451268890787,0,0.0021384794573446908,0,0.5,LOW (PASS)
2008-08-29 01:06:00,2008-08-29,0,0.7586355098884134,0,1.4085808,0.002619940088188451,0,0.0017265698161527073,0,0.72,LOW (PASS)
2008-08-29 02:38:00,2008-08-29,0,-0.44355585018229793,0,1.4041661,0.0005223805016956564,0,0.0011459026532118885,0,0.7,LOW (PASS)
2008-08-29 02:39:00,2008-08-29,0,1.708792951055138,0,1.3989222,0.004254930941260693,0,0.0008727000968668571,0,1.46,LOW (PASS)
2008-08-29 03:27:00,2008-08-29,0,-0.32953695724228965,0,1.4181445,0.00942726900142914,0,0.0017978334467572488,0,0.71,LOW (PASS)
2008-08-29 03:33:00,2008-08-29,0,0.9707255551872762,0,1.402742,0.0015360213562512028,0,0.004717993085121632,0,0.92,LOW (PASS)
2008-08-29 03:46:00,2008-08-29,0,-0.6034803889073014,0,1.4011197,0.0026907709284633603,0,0.0017463516392406146,0,1.04,LOW (PASS)
2008-08-29 04:55:00,2008-08-29,1,-0.0348763672522328,0,1.4084142,0.0025014019772045155,0,0.9979204433235601,1,99.99,CRITICAL (DEFECT)
2008-08-29 04:56:00,2008-08-29,0,-0.5283620594409444,0,1.399669,0.0037233337577858485,0,0.0016326687794432117,0,0.32,LOW (PASS)
2008-08-29 05:16:00,2008-08-29,0,0.8034978455419358,0,1.4004936,0.003136413132391514,0,0.0015806258036501952,0,1.27,LOW (PASS)
2008-08-29 05:54:00,2008-08-29,0,1.5214442603027318,0,1.4074278,0.0017992524651128407,0,0.004182501312685684,0,1.0,LOW (PASS)
2008-08-29 05:54:00,2008-08-29,0,0.03487636725223958,0,1.393703,0.00796991703653534,0,0.00062814206357218,0,0.48,LOW (PASS)
2008-08-29 05:57:00,2008-08-29,0,0.4283533311236374,0,1.4069159,0.0014348983859682302,0,0.0011539453969844381,0,0.82,LOW (PASS)
2008-08-29 05:57:00,2008-08-29,0,-1.8110373439398975,0,1.4076656,0.001968532015157903,0,0.0012578737333621634,0,1.06,LOW (PASS)
2008-08-29 06:35:00,2008-08-29,0,0.33296497624572174,0,1.4044343,0.00033146371593054845,0,0.0032183874348452506,0,0.88,LOW (PASS)
2008-08-29 06:37:00,2008-08-29,0,-0.9674465804883442,0,1.4001358,0.0033911385505545604,0,0.002320364273905516,0,0.85,LOW (PASS)
2008-08-29 06:40:00,2008-08-29,0,-0.38826041321400645,0,1.4080255,0.0022246999157022854,0,0.0030209097242456474,0,0.33,LOW (PASS)
2008-08-29 06:45:00,2008-08-29,1,0.8206379405590555,0,1.4058068,0.0006454362638533128,0,0.9977903410446202,1,99.99,CRITICAL (DEFECT)
2008-08-29 06:54:00,2008-08-29,0,-1.0863839354767437,0,1.4055865,0.0004886299438115708,0,0.0016950971162969773,0,0.7,LOW (PASS)
2008-08-29 07:18:00,2008-08-29,0,-3.1883557617942864,0,1.4013945,0.0024951872879351053,0,0.0017234630661826429,0,1.03,LOW (PASS)
2008-08-29 07:22:00,2008-08-29,0,-0.2149218870843017,0,1.3979288,0.0049620018638298685,0,0.002019546148282165,0,0.68,LOW (PASS)
2008-08-29 07:24:00,2008-08-29,0,-0.6847095348580293,0,1.4080875,0.0022688229061902216,0,0.0015468583913228109,0,0.53,LOW (PASS)
2008-08-29 07:33:00,2008-08-29,0,1.0825087835598322,0,1.4115589,0.0047397103735146405,0,0.001233748470034982,0,1.14,LOW (PASS)
2008-08-29 07:33:00,2008-08-29,0,-0.7841220859573499,0,1.4038045,0.0007797363289070219,0,0.0009394873947939415,0,0.91,LOW (PASS)
2008-08-29 08:10:00,2008-08-29,0,-0.1728913932162183,0,1.4117854,0.004900928992605177,0,0.0013365373051540874,0,0.77,LOW (PASS)
2008-08-29 08:20:00,2008-08-29,0,-0.8950110485029261,0,1.4056242,0.0005154431457234704,0,0.0015295125840503088,0,0.55,LOW (PASS)
2008-08-29 08:41:00,2008-08-29,0,-0.2791599823223963,0,1.4043252,0.000409103208808359,0,0.0013589879686132904,0,0.78,LOW (PASS)
2008-08-29 08:45:00,2008-08-29,0,1.412940006629108,0,1.404587,0.00022276842590161368,0,0.0011439154653970693,0,0.65,LOW (PASS)
2008-08-29 12:21:00,2008-08-29,0,0.6128701800906045,0,1.4008069,0.0029134223266178683,0,0.002918811413220075,0,1.56,LOW (PASS)
2008-08-29 12:22:00,2008-08-29,0,1.0529980112694772,0,1.3987526,0.004375675201769026,0,0.0012122611521033857,0,1.84,LOW (PASS)
2008-08-29 12:37:00,2008-08-29,0,-0.8128876367252252,0,1.394868,0.007140659371076496,0,0.0017949314736787792,0,0.89,LOW (PASS)
2008-08-29 13:04:00,2008-08-29,0,-1.1288615622583136,0,1.4061813,0.0009120409486861879,0,0.0016450378578318292,0,0.64,LOW (PASS)
2008-08-29 13:14:00,2008-08-29,0,-0.13235134239310092,0,1.3900899,0.010541693418648522,0,0.0011679164366577266,0,1.06,LOW (PASS)
2008-08-29 13:27:00,2008-08-29,0,0.2822899127168284,0,1.4088265,0.00279481986394929,0,0.0026568429630138574,0,0.58,LOW (PASS)
2008-08-29 13:49:00,2008-08-29,0,-0.20881107059993073,0,1.4076581,0.00196318634515648,0,0.002319702242094764,0,0.51,LOW (PASS)
2008-08-29 14:11:00,2008-08-29,0,0.7408992376533005,0,1.4132559,0.005947662090026675,0,0.0012003377639812334,0,0.68,LOW (PASS)
2008-08-29 14:18:00,2008-08-29,0,-0.5206117556071141,0,1.4086106,0.0026411530643845743,0,0.0010909451424795378,0,0.66,LOW (PASS)
2008-08-29 14:30:00,2008-08-29,0,0.07944061429676191,0,1.4059353,0.0007369066172109956,0,0.00276850746952902,0,0.78,LOW (PASS)
2008-08-29 15:01:00,2008-08-29,0,0.333412109159215,0,1.4132965,0.005976511737653402,0,0.0017939670866590326,0,0.75,LOW (PASS)
2008-08-29 15:43:00,2008-08-29,0,0.9912936692078281,0,1.4114468,0.004659949583017218,0,0.0023252620614689218,0,0.85,LOW (PASS)
2008-08-29 16:26:00,2008-08-29,0,0.6352268257651157,0,1.4094738,0.003255565706929084,0,0.0021965057355275326,0,0.6,LOW (PASS)
2008-08-29 20:21:00,2008-08-29,0,-0.6464051486023644,0,1.3962332,0.006168935357484489,0,0.00185402612299983,0,0.92,LOW (PASS)
2008-08-29 20:49:00,2008-08-29,0,1.1802818473096934,0,1.4080753,0.0022601680119022035,0,0.001714156117971507,0,0.51,LOW (PASS)
2008-08-29 21:25:00,2008-08-29,0,0.47187426803668686,0,1.4031069,0.0012762896757058716,0,0.001943789385170646,0,0.64,LOW (PASS)
2008-08-29 21:46:00,2008-08-29,0,1.2425823665893354,0,1.4022171,0.0019096242930173228,0,0.0006197627684394134,0,1.48,LOW (PASS)
2008-08-29 21:54:00,2008-08-29,0,1.4885054690089583,0,1.4053277,0.0003044164585244377,0,0.001046870137347447,0,0.84,LOW (PASS)
2008-08-29 22:11:00,2008-08-29,0,0.6566892056126404,0,1.4016674,0.002300961277883402,0,0.001600745228842542,0,0.96,LOW (PASS)
2008-08-29 22:45:00,2008-08-29,0,-1.1410831952270488,0,1.4052532,0.00025138401803412997,0,0.0010688047770388263,0,0.87,LOW (PASS)
2008-08-29 22:49:00,2008-08-29,0,0.7815883327809111,0,1.4031911,0.0012163842309280198,0,0.00203897676419686,0,0.87,LOW (PASS)
2008-08-29 22:56:00,2008-08-29,0,-0.6642904651419707,0,1.404207,0.0004932762983545755,0,0.001190069195213917,0,0.62,LOW (PASS)
2008-08-30 00:01:00,2008-08-30,0,2.7732009779951396,0,1.4117858,0.003972266580496004,0,0.0006138762964538164,0,1.34,LOW (PASS)
2008-08-30 00:05:00,2008-08-30,0,-0.7508553789731076,0,1.4034693,0.0019418692002342594,0,0.0016475628748796477,0,0.96,LOW (PASS)
2008-08-30 00:57:00,2008-08-30,0,1.3310243276283742,0,1.402081,0.00292914093497402,0,0.0005258771282136608,0,1.31,LOW (PASS)
2008-08-30 01:29:00,2008-08-30,0,0.5961656479217672,0,1.3976412,0.006086443741830249,0,0.0009384058549112621,0,2.0,LOW (PASS)
2008-08-30 02:08:00,2008-08-30,0,-0.1136260391198033,0,1.4131876,0.004969117716405745,0,0.002701889418827443,0,2.71,LOW (PASS)
2008-08-30 02:22:00,2008-08-30,0,-1.1125127139364333,0,1.408684,0.0017664611075500509,0,0.0011002843733002913,0,1.05,LOW (PASS)
2008-08-30 02:32:00,2008-08-30,0,-0.38243655256723397,0,1.4063278,9.091363742027554e-05,0,0.001715051481602746,0,0.67,LOW (PASS)
2008-08-30 02:39:00,2008-08-30,0,0.08971344743276453,0,1.4036337,0.001824966596575825,0,0.0019022348960802558,0,0.62,LOW (PASS)
2008-08-30 02:50:00,2008-08-30,0,1.3567509779951217,0,1.4038808,0.0016492312105106073,0,0.0009645906667720139,0,2.15,LOW (PASS)
2008-08-30 03:10:00,2008-08-30,0,0.4380127139364408,0,1.3876847,0.013166808034909376,0,0.0017724794272038049,0,0.9,LOW (PASS)
2008-08-30 04:20:00,2008-08-30,0,0.308060146699274,0,1.4055545,0.0004590118085059503,0,0.0021780921296330087,0,1.49,LOW (PASS)
2008-08-30 04:24:00,2008-08-30,0,-0.17761283618582033,0,1.4081639,0.001396594494234786,0,0.0013423435264987569,0,1.35,LOW (PASS)
2008-08-30 04:55:00,2008-08-30,0,-0.19872188264058405,0,1.3920133,0.010088598867801748,0,0.0017212034952676068,0,1.6,LOW (PASS)
2008-08-30 05:05:00,2008-08-30,0,1.942362102689507,0,1.4062479,3.403064463216124e-05,0,0.0018933467260734,0,1.24,LOW (PASS)
2008-08-30 05:05:00,2008-08-30,0,1.2218509779951232,0,1.408503,0.0016377749927179235,0,0.0011409422249230978,0,1.73,LOW (PASS)
2008-08-30 05:38:00,2008-08-30,0,0.5334981662591795,0,1.4017303,0.003178544459240238,0,0.0007868570248636278,0,1.27,LOW (PASS)
2008-08-30 05:51:00,2008-08-30,0,0.6969283618582005,0,1.4042693,0.0013729544988914351,0,0.002757713710244734,0,0.88,LOW (PASS)
2008-08-30 07:50:00,2008-08-30,0,-0.30674083129584473,0,1.4069041,0.000500708551187406,0,0.0006505255802266076,0,1.63,LOW (PASS)
2008-08-30 07:54:00,2008-08-30,0,0.8438671149144341,0,1.4036331,0.001825390463884231,0,0.0016880967983324453,0,1.41,LOW (PASS)
2008-08-30 08:10:00,2008-08-30,0,0.2584209046454803,0,1.4115086,0.0037750835086254315,0,0.0010569139875061075,0,2.96,LOW (PASS)
2008-08-30 08:29:00,2008-08-30,0,-0.23038545232273713,0,1.4027327,0.0024656844199626624,0,0.00237962154174509,0,1.21,LOW (PASS)
2008-08-30 08:42:00,2008-08-30,0,0.3121830073349709,0,1.4108602,0.003314000650541149,0,0.0029944485773876466,0,0.83,LOW (PASS)
2008-08-30 08:53:00,2008-08-30,0,1.0132342298288608,0,1.4039793,0.0015792083311619003,0,0.001425660229395707,0,0.96,LOW (PASS)
2008-08-30 09:13:00,2008-08-30,0,0.7122654034229902,0,1.4078653,0.0011842369727232715,0,0.0011366189513134165,0,1.7,LOW (PASS)
2008-08-30 09:37:00,2008-08-30,0,-1.1225724938875357,0,1.4079322,0.001231794884726449,0,0.0016473268445139112,0,2.57,LOW (PASS)
2008-08-30 09:45:00,2008-08-30,1,0.0,0,1.4079643,0.0012546837193803846,0,0.9946817829697149,1,99.97,CRITICAL (DEFECT)
2008-08-30 10:15:00,2008-08-30,0,-0.28348789731050933,0,1.4096185,0.0024310002736693177,0,0.0021048605812178413,0,1.06,LOW (PASS)
2008-08-30 10:16:00,2008-08-30,0,-1.5277672371638256,0,1.401411,0.0034055677896226077,0,0.0006717468377532985,0,0.88,LOW (PASS)
2008-08-30 11:12:00,2008-08-30,0,0.8516180929095485,0,1.3966295,0.006805916111118961,0,0.0019651852405703756,0,0.72,LOW (PASS)
2008-08-30 11:14:00,2008-08-30,0,-0.21867652811735747,0,1.4057119,0.000347110839086709,0,0.0015830377910487298,0,1.72,LOW (PASS)
2008-08-30 11:18:00,2008-08-30,0,0.06464645476772794,0,1.4007963,0.00384274453151278,0,0.0008075324968555098,0,0.85,LOW (PASS)
2008-08-30 11:57:00,2008-08-30,0,-0.0996083129584355,0,1.4064566,0.0001824689760360184,0,0.0018630608318905653,0,2.71,LOW (PASS)
2008-08-30 14:10:00,2008-08-30,1,-0.6745,0,1.4090352,0.002016203725662994,0,0.9954439385439822,1,99.98,CRITICAL (DEFECT)
2008-08-30 14:23:00,2008-08-30,0,-0.3618222493887497,0,1.4159565,0.006938150910875985,0,0.0008554867353380791,0,0.44,LOW (PASS)
2008-08-30 14:37:00,2008-08-30,0,1.6991133251833923,0,1.4197139,0.009610125649607094,0,0.0010311508654307795,0,2.01,LOW (PASS)
2008-08-30 15:06:00,2008-08-30,0,-0.2777158924205353,0,1.403349,0.002027405623070634,0,0.001154976733613525,0,0.56,LOW (PASS)
2008-08-30 15:16:00,2008-08-30,0,-0.10587506112468902,0,1.4092561,0.002173288950158338,0,0.002154146222918647,0,1.86,LOW (PASS)
2008-08-30 15:37:00,2008-08-30,0,-0.9805811735941338,0,1.4045271,0.001189674274736587,0,0.000989907136547955,0,1.4,LOW (PASS)
2008-08-30 15:50:00,2008-08-30,0,-0.2068026894865538,0,1.4000869,0.004347231401977859,0,0.0016266269537358402,0,0.46,LOW (PASS)
2008-08-30 15:57:00,2008-08-30,0,-1.649968826405878,0,1.3925396,0.009714324034479058,0,0.0017336465854917355,0,0.94,LOW (PASS)
2008-08-30 16:24:00,2008-08-30,0,-0.318119926650369,0,1.4007713,0.003860546958465841,0,0.0009145222870055611,0,1.64,LOW (PASS)
2008-08-30 17:05:00,2008-08-30,0,0.5161821515892496,0,1.3896425,0.011774573473718316,0,0.0011431826193986064,0,0.98,LOW (PASS)
2008-08-30 17:49:00,2008-08-30,0,-0.8161614914425465,0,1.4075171,0.0009366136911523595,0,0.0010588767364851956,0,1.68,LOW (PASS)
2008-08-30 19:21:00,2008-08-30,0,0.8572251833740911,0,1.4058043,0.0002814114062837454,0,0.0007867879267329209,0,1.69,LOW (PASS)
2008-08-30 19:27:00,2008-08-30,0,0.7523396088019684,0,1.40541,0.0005617572440636173,0,0.0018810030872142608,0,2.92,LOW (PASS)
2008-08-30 20:11:00,2008-08-30,0,0.9014222493887661,0,1.3949211,0.00802080459047286,0,0.002125346225836191,0,0.77,LOW (PASS)
2008-08-30 20:53:00,2008-08-30,0,-1.3720880195599112,0,1.4035498,0.0018846471135994202,0,0.0013072643012269469,0,0.78,LOW (PASS)
2008-08-30 21:53:00,2008-08-30,0,0.7020407090464637,0,1.390239,0.011350367071465375,0,0.001211519769891791,0,0.71,LOW (PASS)
2008-08-30 23:51:00,2008-08-30,0,-1.56685195599023,0,1.3990889,0.005056954823173229,0,0.0010193168171257442,0,1.01,LOW (PASS)
2008-08-31 02:57:00,2008-08-31,0,-0.33945424836601307,0,1.4111764,0.0036816545401353257,0,0.0014598484464356826,0,0.47,LOW (PASS)
2008-08-31 04:46:00,2008-08-31,1,1.0635057516339859,0,1.4050528,0.000673692857773709,0,0.9963047945679249,1,99.98,CRITICAL (DEFECT)
2008-08-31 05:05:00,2008-08-31,0,-0.09857398692810715,0,1.4006565,0.0038004980649509424,0,0.005363274406291767,0,3.06,LOW (PASS)
2008-08-31 09:11:00,2008-08-31,0,2.382880653594773,0,1.3981956,0.00555072556276161,0,0.002303810802609102,0,1.65,LOW (PASS)
2008-08-31 10:36:00,2008-08-31,0,-0.7434488888888863,0,1.4066508,0.00046285704331392385,0,0.0004208885353403139,0,1.16,LOW (PASS)
2008-08-31 10:59:00,2008-08-31,1,-0.632883790849671,0,1.4084061,0.0017113238313419279,0,0.9952596716372646,1,99.98,CRITICAL (DEFECT)
2008-08-31 10:59:00,2008-08-31,0,0.09857398692810715,0,1.4049511,0.0007460149066829034,0,0.0012807385238705572,0,1.1,LOW (PASS)
2008-08-31 11:03:00,2008-08-31,0,0.9219048366013106,0,1.4056048,0.0002810511127579069,0,0.0010565669123306684,0,0.58,LOW (PASS)
2008-08-31 15:09:00,2008-08-31,0,1.5105273202614353,0,1.4048162,0.0008419921157863126,0,0.0012816615318854239,0,1.74,LOW (PASS)
2008-08-31 15:13:00,2008-08-31,0,-0.22659673202614217,0,1.4141457,0.0057934922824919655,0,0.001255225005975382,0,2.38,LOW (PASS)
2008-08-31 16:32:00,2008-08-31,0,0.5397763398692833,0,1.4056919,0.00021915768285906523,0,0.0017083955169206876,0,0.46,LOW (PASS)
2008-08-31 20:24:00,2008-08-31,0,-0.21601633986928104,0,1.4015781,0.0031450212066660866,0,0.0014027521718635622,0,1.13,LOW (PASS)
2008-08-31 21:04:00,2008-08-31,0,-1.5627239215686255,0,1.4097338,0.002655580172141105,0,0.0015335760334838089,0,0.54,LOW (PASS)
2008-08-31 21:46:00,2008-08-31,0,0.22606771241830353,0,1.4041038,0.0013486703857527203,0,0.0008630035488245392,0,0.28,LOW (PASS)
2008-08-31 21:58:00,2008-08-31,0,-0.9668715032679726,0,1.4141903,0.005825202067125071,0,0.0016675632198835577,0,0.5,LOW (PASS)
2008-08-31 22:32:00,2008-08-31,0,-0.4163384313725513,0,1.4015245,0.003183089905329895,0,0.0006454117896598464,0,0.41,LOW (PASS)
2008-08-31 22:48:00,2008-08-31,0,0.716116209150329,0,1.3993263,0.004746534901678716,0,0.0013311475286003711,0,0.74,LOW (PASS)
2008-08-31 22:57:00,2008-08-31,0,1.396964444444449,0,1.4008893,0.0036349119435914387,0,0.0011399058481316097,0,0.75,LOW (PASS)
2008-01-09 00:01:00,2008-01-09,0,-0.25548545785047705,0,1.4088135,0.0024333504011301074,0,0.0014662384812214038,0,0.43,LOW (PASS)
2008-01-09 00:39:00,2008-01-09,0,-0.4197808452624337,0,1.4035392,0.006167999691547428,0,0.0008800290891365956,0,0.67,LOW (PASS)
2008-01-09 00:45:00,2008-01-09,0,0.10007918654852227,0,1.4077798,0.003165272107965126,0,0.0014181803034361965,0,1.63,LOW (PASS)
2008-01-09 00:53:00,2008-01-09,0,-2.1470280618041353,0,1.4107985,0.0010277500941047652,0,0.000789636929566805,0,1.04,LOW (PASS)
2008-01-09 05:29:00,2008-01-09,0,3.283302317655103,0,1.4108894,0.000963429445897144,0,0.0006859365306965837,0,1.03,LOW (PASS)
2008-01-09 05:32:00,2008-01-09,0,2.1565302204044796,0,1.4110161,0.0008737012975445174,0,0.0005699456710354196,0,0.76,LOW (PASS)
2008-01-09 06:12:00,2008-01-09,0,-0.36797875482843945,0,1.4051924,0.004997397658288514,0,0.0007651679829743753,0,0.4,LOW (PASS)
2008-01-09 06:21:00,2008-01-09,0,-0.13962042717563763,0,1.4068905,0.003794972942123729,0,0.0021599257919095267,0,1.13,LOW (PASS)
2008-01-09 06:52:00,2008-01-09,0,-0.32475925925925486,0,1.4083432,0.002766349032598698,0,0.0006264819248416057,0,0.39,LOW (PASS)
2008-01-09 08:18:00,2008-01-09,0,1.7773634401272573,0,1.4160746,0.0027081653508048316,0,0.0009113264170297054,0,2.53,LOW (PASS)
2008-01-09 09:06:00,2008-01-09,0,0.7079108157237107,0,1.4072922,0.003510510232859052,0,0.0003701023953685078,0,0.68,LOW (PASS)
2008-01-09 09:19:00,2008-01-09,0,2.0841912065439887,0,1.407174,0.0035942452499482386,0,0.0015137999681046586,0,0.86,LOW (PASS)
2008-01-09 09:54:00,2008-01-09,0,-0.3701244035446454,0,1.409797,0.0017369654303783014,0,0.0008203412091736303,0,0.66,LOW (PASS)
2008-01-09 10:57:00,2008-01-09,0,4.484252556237245,0,1.412532,0.0001996600707075993,0,0.000644662560243349,0,1.93,LOW (PASS)
2008-01-09 11:40:00,2008-01-09,0,0.9258474210406893,0,1.399632,0.008934631667469996,0,0.0006104337276043282,0,0.66,LOW (PASS)
2008-01-09 16:20:00,2008-01-09,0,0.19632685753238618,0,1.4104105,0.0013025056189286597,0,0.0015335031943328615,0,1.72,LOW (PASS)
2008-01-09 19:54:00,2008-01-09,1,-0.3275179504657894,0,1.4112686,0.0006949202832351447,0,0.9949501110273707,1,99.97,CRITICAL (DEFECT)
2008-01-09 20:51:00,2008-01-09,0,0.493039422858459,0,1.4008847,0.008047563830181423,0,0.0018837219377482518,0,0.51,LOW (PASS)
2008-01-09 22:05:00,2008-01-09,0,-0.6410891842762892,0,1.4030582,0.006508595249969675,0,0.000802260731942666,0,1.31,LOW (PASS)
2008-01-09 23:05:00,2008-01-09,0,-2.332779936378095,0,1.405023,0.005117344693856794,0,0.0010218420038029398,0,0.79,LOW (PASS)
2008-01-09 23:19:00,2008-01-09,0,1.4398835491933841,0,1.4070375,0.0036908950428586407,0,0.0014093174878607136,0,1.23,LOW (PASS)
2008-01-09 23:24:00,2008-01-09,0,-0.10007918654850832,0,1.4103476,0.0013470742570567751,0,0.0015391392501057542,0,1.75,LOW (PASS)
2008-01-09 23:28:00,2008-01-09,0,0.9503691206544052,0,1.406211,0.0042761116491886126,0,0.0008219387172989081,0,1.0,LOW (PASS)
2008-01-09 23:39:00,2008-01-09,0,-0.45809600090887787,0,1.3980793,0.010034075818262999,0,0.002005508601681181,0,1.82,LOW (PASS)
2008-01-09 23:45:00,2008-01-09,0,-1.895680640763467,0,1.4126089,0.00025410471387546775,0,0.001371992900855855,0,1.91,LOW (PASS)
2008-01-09 23:59:00,2008-01-09,0,1.2194947739150352,0,1.4048095,0.00526852354023455,0,0.0010920573670048833,0,0.59,LOW (PASS)
2008-02-09 00:26:00,2008-02-09,0,0.7621213872832365,0,1.4170532,0.012072350771518964,0,0.0008026165081844428,0,0.94,LOW (PASS)
2008-02-09 00:31:00,2008-02-09,0,0.01874181117533567,0,1.4089726,0.006301151985523288,0,0.0015720331291769467,0,0.3,LOW (PASS)
2008-02-09 00:46:00,2008-02-09,0,1.4154855491329432,0,1.4034737,0.0023738250311763297,0,0.0010680543017470626,0,1.05,LOW (PASS)
2008-02-09 01:09:00,2008-02-09,0,-3.738238921001925,0,1.4091812,0.006450146569509309,0,0.0010432973993460804,0,2.12,LOW (PASS)
2008-02-09 01:10:00,2008-02-09,0,0.7121888246628114,0,1.3977792,0.0016932162730683776,0,0.0021160055109803754,0,1.43,LOW (PASS)
2008-02-09 01:10:00,2008-02-09,0,0.07578805394990307,0,1.4083176,0.005833308991807182,0,0.0009759934855483092,0,0.42,LOW (PASS)
2008-02-09 01:36:00,2008-02-09,0,-0.8487167630057788,0,1.3993009,0.0006064072075932015,0,0.0024269396552557003,0,0.64,LOW (PASS)
2008-02-09 01:50:00,2008-02-09,0,-0.5182042389210028,0,1.4072537,0.005073521753240753,0,0.002352873090512348,0,0.52,LOW (PASS)
2008-02-09 02:02:00,2008-02-09,0,-1.07019845857418,0,1.4099213,0.006978694213729434,0,0.001841805764436085,0,0.73,LOW (PASS)
2008-02-09 02:11:00,2008-02-09,0,-0.5507630057803491,0,1.3975537,0.0018543007032978357,0,0.000747451176855325,0,0.57,LOW (PASS)
2008-02-09 02:50:00,2008-02-09,0,-0.3209364161849712,0,1.4086721,0.0060865146448211395,0,0.0007381836660175843,0,0.46,LOW (PASS)
2008-02-09 02:52:00,2008-02-09,0,0.9142447013487455,0,1.4100482,0.007069368060555212,0,0.000881986606674932,0,0.88,LOW (PASS)
2008-02-09 03:33:00,2008-02-09,0,-0.32982851637765065,0,1.4007868,0.00045477478943637897,0,0.0023177859257721128,0,0.7,LOW (PASS)
2008-02-09 03:35:00,2008-02-09,0,0.4555491329479788,0,1.4168062,0.011895941184079516,0,0.0015543606939269967,0,0.93,LOW (PASS)
2008-02-09 03:35:00,2008-02-09,0,0.24692678227360526,0,1.4006355,0.00034673243110594433,0,0.0008280319306830067,0,0.33,LOW (PASS)
2008-02-09 04:19:00,2008-02-09,0,0.7097263969171489,0,1.3975906,0.0018279073769917407,0,0.0005401958560707933,0,0.96,LOW (PASS)
2008-02-09 04:22:00,2008-02-09,0,-0.7511772639691685,0,1.4048028,0.0033230482408107,0,0.0016373456681723231,0,0.58,LOW (PASS)
2008-02-09 05:46:00,2008-02-09,0,0.9477610789980747,0,1.406214,0.004330932746654424,0,0.0019809823046103257,0,0.64,LOW (PASS)
2008-02-09 06:03:00,2008-02-09,0,0.05184778420038479,0,1.3941424,0.004290660140637251,0,0.001516441911229332,0,0.6,LOW (PASS)
2008-02-09 06:19:00,2008-02-09,0,-0.06374951830442953,0,1.408015,0.0056172242751463125,0,0.0005086986806648501,0,1.06,LOW (PASS)
2008-02-09 06:32:00,2008-02-09,0,-0.5068497109826609,0,1.4070048,0.00489574992960486,0,0.0014756153242400521,0,0.79,LOW (PASS)
2008-02-09 06:48:00,2008-02-09,0,1.115479768786125,0,1.4027642,0.0018670731660993026,0,0.0008652927951538695,0,0.86,LOW (PASS)
2008-02-09 07:22:00,2008-02-09,0,0.8764874759152226,0,1.4069877,0.004883489803836867,0,0.0013808847965459045,0,0.58,LOW (PASS)
2008-02-09 07:32:00,2008-02-09,0,-1.0723872832369912,0,1.4054987,0.003820094172988066,0,0.0010395660242689465,0,0.51,LOW (PASS)
2008-02-09 08:15:00,2008-02-09,0,0.7807263969171495,0,1.4044234,0.0030520483774806972,0,0.0016544100628365496,0,1.28,LOW (PASS)
2008-02-09 08:54:00,2008-02-09,0,0.5582870905587654,0,1.4185928,0.0131719308013358,0,0.0011148914529218723,0,0.53,LOW (PASS)
2008-02-09 09:36:00,2008-02-09,0,-0.501240847784198,0,1.3996167,0.0003808719773195046,0,0.0029186725685579193,0,0.63,LOW (PASS)
2008-02-09 09:37:00,2008-02-09,0,1.3219132947976877,0,1.3972813,0.0020488450601024405,0,0.0014400654763121478,0,1.3,LOW (PASS)
2008-02-09 10:13:00,2008-02-09,0,1.0732080924855452,0,1.4076307,0.005342733681562923,0,0.0013863644342834087,0,0.73,LOW (PASS)
2008-02-09 10:21:00,2008-02-09,0,-0.5145105973025058,0,1.4018095,0.0011851888100169927,0,0.0015437645220870606,0,0.72,LOW (PASS)
2008-02-09 10:25:00,2008-02-09,0,-0.14897687861271483,0,1.404223,0.002908928437091839,0,0.0018996195524486942,0,0.64,LOW (PASS)
2008-02-09 10:33:00,2008-02-09,0,-0.6976878612716754,0,1.4028116,0.0019009587914858377,0,0.0008657284796206925,0,0.92,LOW (PASS)
2008-02-09 11:08:00,2008-02-09,0,-1.1416088631984547,0,1.4064801,0.004520964696058309,0,0.0013996618327342836,0,0.66,LOW (PASS)
2008-02-09 11:22:00,2008-02-09,0,-0.6327071290944115,0,1.4027054,0.0018250992632963836,0,0.0010306599577896616,0,0.53,LOW (PASS)
2008-02-09 11:47:00,2008-02-09,0,-0.14637764932562353,0,1.4040923,0.002815615257635451,0,0.0025396614259750668,0,0.9,LOW (PASS)
2008-02-09 11:49:00,2008-02-09,0,-0.01874181117533567,0,1.4032145,0.002188646048222275,0,0.0013498448571226116,0,0.68,LOW (PASS)
2008-02-09 12:01:00,2008-02-09,0,1.282240847784199,0,1.4111023,0.007822173838614868,0,0.0012296119725525056,0,0.97,LOW (PASS)
2008-02-09 12:17:00,2008-02-09,0,0.025171483622352633,0,1.3999832,0.00011915234807777396,0,0.002726155898690318,0,0.72,LOW (PASS)
2008-02-09 12:26:00,2008-02-09,0,0.7038439306358347,0,1.4047675,0.003297846871176493,0,0.0023443835122640313,0,0.48,LOW (PASS)
2008-02-09 12:30:00,2008-02-09,0,0.40657418111753046,0,1.4110091,0.007755594544513686,0,0.0012356135974033724,0,1.76,LOW (PASS)
2008-02-09 12:44:00,2008-02-09,0,-0.7640366088631962,0,1.403064,0.0020811996682277845,0,0.0019008999847194607,0,1.24,LOW (PASS)
2008-02-09 13:05:00,2008-02-09,0,2.0384797687861274,0,1.4007235,0.0004095655756669063,0,0.002406491407629638,0,1.23,LOW (PASS)
2008-02-09 13:08:00,2008-02-09,0,0.10588439306358069,0,1.4024081,0.0016127606961757342,0,0.0016273008960198073,0,0.81,LOW (PASS)
2008-02-09 13:27:00,2008-02-09,0,-0.06374951830442953,0,1.4043715,0.003015012580889886,0,0.0013283637619154393,0,0.63,LOW (PASS)
2008-02-09 13:40:00,2008-02-09,0,-0.8868843930635817,0,1.4171185,0.012119007361247158,0,0.0011915672450876571,0,1.04,LOW (PASS)
2008-02-09 14:09:00,2008-02-09,0,0.12736223506743646,0,1.3967177,0.0024513858561515302,0,0.0025490137253958646,0,1.08,LOW (PASS)
2008-02-09 14:21:00,2008-02-09,0,-1.358849710982656,0,1.4042828,0.002951668597755258,0,0.0013504647432866174,0,1.1,LOW (PASS)
2008-02-09 14:34:00,2008-02-09,0,1.4491387283236954,0,1.4067105,0.004685539856541154,0,0.0012820367400791892,0,0.78,LOW (PASS)
2008-02-09 15:29:00,2008-02-09,0,-0.7723815028901728,0,1.403302,0.002251138633734126,0,0.0010562573125230746,0,1.23,LOW (PASS)
2008-02-09 16:10:00,2008-02-09,0,-0.34036223506743846,0,1.4111786,0.007876663286472614,0,0.0015290246925620677,0,1.19,LOW (PASS)
2008-02-09 16:50:00,2008-02-09,0,2.5798034682080884,0,1.4130998,0.00924877569534045,0,0.001374097929096412,0,1.55,LOW (PASS)
2008-02-09 16:54:00,2008-02-09,0,-0.6974142581888241,0,1.400662,0.00036563345833159953,0,0.002659410194639476,0,0.76,LOW (PASS)
2008-02-09 16:58:00,2008-02-09,0,0.4121830443159933,0,1.4023141,0.0015455854237386081,0,0.0010869007508186258,0,0.55,LOW (PASS)
2008-02-09 17:10:00,2008-02-09,0,1.2810096339113646,0,1.396187,0.0028304280778119677,0,0.0013264673891916453,0,0.65,LOW (PASS)
2008-02-09 17:18:00,2008-02-09,0,-0.15540655105973178,0,1.392993,0.005111577728519088,0,0.0013171392362006944,0,0.88,LOW (PASS)
2008-02-09 18:38:00,2008-02-09,0,0.6515857418111759,0,1.4065228,0.004551444730953735,0,0.0015331601170597948,0,0.61,LOW (PASS)
2008-02-09 18:52:00,2008-02-09,0,0.7856512524084746,0,1.4064068,0.004468603742257507,0,0.001846510654096393,0,0.63,LOW (PASS)
2008-02-09 19:18:00,2008-02-09,0,-0.07633526011560585,0,1.4035478,0.0024266968235507978,0,0.0011703958126872357,0,0.65,LOW (PASS)
2008-02-09 20:18:00,2008-02-09,0,0.3339325626204215,0,1.3961341,0.0028681449925010006,0,0.001809401124190776,0,0.46,LOW (PASS)
2008-02-09 20:52:00,2008-02-09,0,-0.16238342967244532,0,1.4013112,0.0008293046036960969,0,0.0009830870325584409,0,0.55,LOW (PASS)
2008-02-09 20:58:00,2008-02-09,0,-0.3830443159922924,0,1.4061913,0.004314756191821656,0,0.0008358157171524541,0,0.7,LOW (PASS)
2008-02-09 20:59:00,2008-02-09,0,-0.7006974951830407,0,1.3967222,0.0024481505451849767,0,0.0009940966554723419,0,0.48,LOW (PASS)
2008-03-09 00:18:00,2008-03-09,0,-0.7315434285714327,0,1.4053615,0.0035429146928242,0,0.0019852717052222754,0,1.57,LOW (PASS)
2008-03-09 00:45:00,2008-03-09,0,0.3015593142857134,0,1.4102664,0.007045364845684358,0,0.0012601073375782114,0,1.46,LOW (PASS)
2008-03-09 00:58:00,2008-03-09,0,-0.32052239999999943,0,1.3992506,0.0008207406659294136,0,0.00039311030932759794,0,1.4,LOW (PASS)
2008-03-09 01:15:00,2008-03-09,1,0.0,0,1.4010828,0.0004875387458899513,0,0.9975555141467057,1,99.99,CRITICAL (DEFECT)
2008-03-09 01:32:00,2008-03-09,0,-0.8340674285714341,0,1.404772,0.0031219737278006614,0,0.001907853321811747,0,2.17,LOW (PASS)
2008-03-09 04:18:00,2008-03-09,0,0.26471234285713696,0,1.4038308,0.0024498301767741986,0,0.0015922435578611977,0,0.35,LOW (PASS)
2008-03-09 06:26:00,2008-03-09,0,2.9798253714285674,0,1.4184209,0.01286831059137397,0,0.0009735571794189248,0,2.03,LOW (PASS)
2008-03-09 09:38:00,2008-03-09,0,1.0867543999999965,0,1.3984358,0.0014025670554007755,0,0.0016092054027571903,0,0.51,LOW (PASS)
2008-03-09 14:24:00,2008-03-09,0,1.155669028571429,0,1.3933394,0.005041812381323184,0,0.0011817274957684597,0,0.68,LOW (PASS)
2008-03-09 14:29:00,2008-03-09,0,0.6745,0,1.3976232,0.001982861202734539,0,0.0011891291514976076,0,0.6,LOW (PASS)
2008-03-09 17:22:00,2008-03-09,0,0.6550743999999966,0,1.410074,0.006907973800679709,0,0.0013804762093355682,0,1.75,LOW (PASS)
2008-03-09 18:16:00,2008-03-09,0,-1.2717601142857178,0,1.3989718,0.0010198470192539953,0,0.001058805216070612,0,2.0,LOW (PASS)
2008-03-09 18:16:00,2008-03-09,0,-0.5240286857142893,0,1.4026884,0.0016340814876294935,0,0.0017508156547297368,0,1.53,LOW (PASS)
2008-03-09 20:00:00,2008-03-09,0,-1.1801822857142885,0,1.405681,0.0037710485221999494,0,0.0008036617479371225,0,0.7,LOW (PASS)
2008-03-09 20:10:00,2008-03-09,0,-0.3575235428571437,0,1.4076673,0.005189393994236794,0,0.00094956678739586,0,1.35,LOW (PASS)
2008-04-09 08:01:00,2008-04-09,0,-0.19834997279651578,1,1.4055247,0.004162694977098745,0,0.000993554434140573,0,5.02,LOW (PASS)
2008-04-09 08:22:00,2008-04-09,0,0.8240423014145818,1,1.4029713,0.005971852473628978,0,0.0008181622851963748,0,5.02,LOW (PASS)
2008-04-09 08:33:00,2008-04-09,0,-0.8561526115342687,0,1.4108514,0.0003887181135385058,0,0.001420841335623752,0,0.37,LOW (PASS)
2008-04-09 08:41:00,2008-04-09,0,-0.7983540533188157,0,1.4086883,0.0019212653952631114,0,0.0007179596073168958,0,0.33,LOW (PASS)
2008-04-09 08:53:00,2008-04-09,0,0.0,1,1.4006699,0.007602374671132064,0,0.0011229822177110838,0,5.03,LOW (PASS)
2008-04-09 11:50:00,2008-04-09,0,-0.3071580522306797,0,1.4083091,0.002189936263445309,0,0.0006561571914758381,0,0.64,LOW (PASS)
2008-04-09 14:09:00,2008-04-09,0,-0.48972810119694293,1,1.410407,0.0007035892221783145,0,0.0009263473677354324,0,5.01,LOW (PASS)
2008-04-09 14:11:00,2008-04-09,0,0.6745,0,1.4049404,0.004576723457397121,0,0.000863028590249299,0,2.07,LOW (PASS)
2008-04-09 14:48:00,2008-04-09,0,0.9532174918389548,0,1.4125814,0.0008370663284383034,0,0.0008834028075365703,0,0.65,LOW (PASS)
2008-04-09 16:30:00,2008-04-09,0,2.2908412676822563,1,1.4068503,0.0032234871637739945,0,0.0004157012899527213,0,5.01,LOW (PASS)
2008-04-09 16:41:00,2008-04-09,0,0.6798211371055488,0,1.4077784,0.0025659572333123766,0,0.000510373928444983,0,1.16,LOW (PASS)
2008-04-09 16:56:00,2008-04-09,0,-0.35082807399346705,0,1.4083016,0.0021952573149056917,0,0.0008940332960312433,0,0.35,LOW (PASS)
2008-04-09 17:30:00,2008-04-09,0,0.484957426550601,0,1.4100589,0.0009502157343103535,0,0.0009197829397283923,0,1.08,LOW (PASS)
2008-05-09 15:30:00,2008-05-09,0,0.6745000000000073,0,1.4098214,0.0008706992575425992,0,0.001562139518014715,0,0.69,LOW (PASS)
2008-05-09 21:48:00,2008-05-09,0,-0.6744999999999927,0,1.4012787,0.006924769884233552,0,0.0016893670288194015,0,0.71,LOW (PASS)
2008-07-09 00:08:00,2008-07-09,0,0.21906448345712187,0,1.399558,0.006701195795283381,0,0.0019911513824295134,0,1.09,LOW (PASS)
2008-07-09 00:12:00,2008-07-09,0,-0.6745,0,1.4031073,0.004182166556963595,0,0.0013205213279090925,0,1.08,LOW (PASS)
2008-07-09 00:49:00,2008-07-09,0,-0.8645684222372275,0,1.4066793,0.0016470623688459747,0,0.0016366340914660265,0,1.94,LOW (PASS)
2008-07-09 10:52:00,2008-07-09,0,0.7142747017780833,0,1.404617,0.0031107288504383804,0,0.0010196230935047167,0,2.17,LOW (PASS)
2008-07-09 12:04:00,2008-07-09,0,1.1539217870808087,0,1.4115956,0.0018421323922726612,0,0.0006169392354803898,0,1.04,LOW (PASS)
2008-07-09 12:20:00,2008-07-09,0,0.0,0,1.4045093,0.0031871271644775675,0,0.0004362682840571401,0,2.23,LOW (PASS)
2008-07-09 13:02:00,2008-07-09,0,-0.3887901192887722,0,1.4059744,0.002147331727554408,0,0.0010610568039852387,0,1.63,LOW (PASS)
2008-07-09 18:02:00,2008-07-09,0,-0.2677960837272104,0,1.4075056,0.0010605805162217806,0,0.0012926009122306422,0,1.78,LOW (PASS)
2008-07-09 18:24:00,2008-07-09,0,-0.8673010353364892,0,1.4017146,0.005170606759532618,0,0.0014730401843748753,0,3.02,LOW (PASS)
2008-07-09 18:49:00,2008-07-09,0,-0.9280257708755396,0,1.4092467,0.00017507549323816642,0,0.0008417034752665825,0,0.96,LOW (PASS)
2008-07-09 19:29:00,2008-07-09,0,1.3351851226648683,0,1.4096614,0.0004694162845364311,0,0.0014269442959927098,0,1.8,LOW (PASS)
2008-07-09 19:31:00,2008-07-09,0,0.6544608372721177,0,1.4037586,0.003719884842777416,0,0.0007390707697948739,0,2.96,LOW (PASS)
2008-07-09 20:12:00,2008-07-09,0,1.0487161827593996,1,1.4031869,0.004125650417674363,0,0.000769078615537702,0,3.76,LOW (PASS)
2008-07-09 20:50:00,2008-07-09,0,0.6382169705154193,1,1.4030732,0.004206363586659285,0,0.0011742949431381656,0,5.02,LOW (PASS)
2008-07-09 23:33:00,2008-07-09,0,-0.6468702453297365,0,1.408336,0.0004712220936337635,0,0.001166900365516968,0,1.85,LOW (PASS)
2008-08-09 00:32:00,2008-08-09,0,1.106440239043829,0,1.4154781,1.5464169511112713e-05,0,0.0017571678016944218,0,0.99,LOW (PASS)
2008-08-09 00:40:00,2008-08-09,0,-0.7223047808764925,0,1.4070073,0.005999719806630888,0,0.0021796651557673486,0,2.1,LOW (PASS)
2008-08-09 01:24:00,2008-08-09,0,1.4931215139442309,0,1.4147203,0.0005508284224477336,0,0.001178543105566275,0,2.17,LOW (PASS)
2008-08-09 03:32:00,2008-08-09,0,0.8084382470119594,0,1.4058696,0.006803482026235592,0,0.001611098405761042,0,1.44,LOW (PASS)
2008-08-09 03:48:00,2008-08-09,0,-0.8825498007968107,0,1.404965,0.00744251678339826,0,0.0010444042851357877,0,1.81,LOW (PASS)
2008-08-09 04:21:00,2008-08-09,0,-0.6124103585657354,0,1.406998,0.006006288693169987,0,0.000589320535243641,0,1.84,LOW (PASS)
2008-08-09 06:37:00,2008-08-09,0,0.12177490039840862,0,1.405488,0.007073059023820951,0,0.0016359898631725896,0,1.87,LOW (PASS)
2008-08-09 07:14:00,2008-08-09,0,0.6266952191235075,0,1.4065506,0.006322353195493589,0,0.00121395456861633,0,0.56,LOW (PASS)
2008-08-09 07:41:00,2008-08-09,0,0.21200996015936666,0,1.4101769,0.0037605716617388194,0,0.000979513378485545,0,0.61,LOW (PASS)
2008-08-09 18:46:00,2008-08-09,0,-0.01838645418326314,0,1.4117098,0.0026776317642223796,0,0.0006501923388448855,0,0.22,LOW (PASS)
2008-08-09 19:14:00,2008-08-09,0,-0.29333466135457964,0,1.4080514,0.005262151751381725,0,0.0020467374942110283,0,0.56,LOW (PASS)
2008-08-09 19:15:00,2008-08-09,0,-1.0036175298804821,0,1.415362,9.749103475576723e-05,0,0.0007309276267742407,0,0.43,LOW (PASS)
2008-08-09 19:25:00,2008-08-09,0,0.4186454183266999,0,1.4139988,0.001060506644686593,0,0.001068978491843028,0,0.62,LOW (PASS)
2008-08-09 19:33:00,2008-08-09,0,-1.1401015936254975,0,1.4129573,0.0017963061535598442,0,0.001141588860492393,0,0.39,LOW (PASS)
2008-08-09 20:00:00,2008-08-09,0,-0.8947131474103585,0,1.4135207,0.0013982990024856785,0,0.0011100570226532608,0,1.9,LOW (PASS)
2008-08-09 21:36:00,2008-08-09,0,1.3362709163346664,0,1.4117949,0.0026175011874413905,0,0.0011137284123498498,0,0.61,LOW (PASS)
2008-08-09 21:53:00,2008-08-09,0,-0.3641932270916348,0,1.4089175,0.004650234705316366,0,0.0016675252743155403,0,1.32,LOW (PASS)
2008-08-09 22:17:00,2008-08-09,0,0.018386454183269573,0,1.4163741,0.0006175070000770017,0,0.000828768877815205,0,0.37,LOW (PASS)
2008-09-09 00:25:00,2008-09-09,0,-1.2607939145446643,0,1.4104586,0.0028144590214791913,0,0.0025572264160386715,0,0.55,LOW (PASS)
2008-09-09 03:53:00,2008-09-09,0,0.0,1,1.4007651,0.004077424704780683,0,0.001447444850928276,0,5.02,LOW (PASS)
2008-09-09 08:44:00,2008-09-09,0,0.6745,0,1.4059721,0.0003753097055427651,0,0.0012681155437685935,0,1.93,LOW (PASS)
2008-10-09 07:26:00,2008-10-09,0,0.8632183085838433,0,1.4066619,0.005400606588797323,0,0.0013040907011684895,0,0.78,LOW (PASS)
2008-10-09 09:21:00,2008-10-09,0,-0.6489711155378414,0,1.4242469,0.00703304596177076,0,0.0007399065387355842,0,2.26,LOW (PASS)
2008-10-09 20:52:00,2008-10-09,0,0.6745,0,1.404573,0.006877584324087563,0,0.0013598353531478835,0,1.7,LOW (PASS)
2008-10-09 20:53:00,2008-10-09,0,0.4851709525534236,0,1.410669,0.0025673514615904437,0,0.001299986453041819,0,0.39,LOW (PASS)
2008-10-09 21:56:00,2008-10-09,0,-1.4136161716769222,0,1.4194062,0.0036103652052261737,0,0.0009696733939657874,0,2.39,LOW (PASS)
2008-10-09 23:30:00,2008-10-09,0,-0.7129765483520417,0,1.4068766,0.005248803992138205,0,0.0013244134893551985,0,0.73,LOW (PASS)
2008-10-09 23:43:00,2008-10-09,0,0.0,0,1.4071229,0.005074665088919028,0,0.0018606815228173097,0,0.36,LOW (PASS)
2008-11-09 00:17:00,2008-11-09,0,0.5384972752043553,0,1.4040751,0.00469611350211207,0,0.0005675400399667985,0,0.42,LOW (PASS)
2008-11-09 05:20:00,2008-11-09,0,0.6155209313846812,0,1.4093351,0.000967501177723165,0,0.0009994496074192912,0,0.91,LOW (PASS)
2008-11-09 06:04:00,2008-11-09,0,0.406337379242003,0,1.4106896,7.377588979924791e-06,0,0.0014152428386082013,0,0.24,LOW (PASS)
2008-11-09 07:43:00,2008-11-09,0,-0.6053290810007382,0,1.4125069,0.001280871320577433,0,0.0010312146101097044,0,1.86,LOW (PASS)
2008-11-09 08:06:00,2008-11-09,0,0.8287143918751463,0,1.4103951,0.00021610010827193354,0,0.001351078469672829,0,0.45,LOW (PASS)
2008-11-09 08:58:00,2008-11-09,0,0.8292156304186147,0,1.4115803,0.0006240291576394637,0,0.0013981665181944224,0,2.5,LOW (PASS)
2008-11-09 09:24:00,2008-11-09,0,-0.6745,0,1.4095148,0.0008401550900417654,0,0.0005544829718127242,0,0.54,LOW (PASS)
2008-11-09 12:47:00,2008-11-09,0,-1.5082267773098703,0,1.4089406,0.0012472062541833064,0,0.0005826453979466325,0,0.85,LOW (PASS)
2008-11-09 13:36:00,2008-11-09,0,0.5139365865741804,0,1.4068731,0.0027127425505724997,0,0.0013753450523792195,0,3.17,LOW (PASS)
2008-11-09 14:20:00,2008-11-09,0,-0.32714168937330057,0,1.4031855,0.005326759721333228,0,0.0009395012473150405,0,0.72,LOW (PASS)
2008-11-09 14:24:00,2008-11-09,0,0.0,0,1.4016474,0.006417017998218044,0,0.0014027297478157897,0,0.58,LOW (PASS)
2008-11-09 14:31:00,2008-11-09,0,-0.6125135001238542,0,1.4034978,0.005105361745404053,0,0.0008255134720570882,0,0.67,LOW (PASS)
2008-11-09 15:05:00,2008-11-09,0,-1.0023100074312563,0,1.4094306,0.0008998142392806958,0,0.00045663228566732405,0,2.39,LOW (PASS)
2008-11-09 15:08:00,2008-11-09,0,-0.7226189001733899,0,1.410543,0.00011131633340469028,0,0.0016138884823573983,0,2.42,LOW (PASS)
2008-11-09 16:28:00,2008-11-09,0,-1.5571810750557256,0,1.4102209,0.0003396435589621833,0,0.0007993720727349897,0,2.48,LOW (PASS)
2008-11-09 21:13:00,2008-11-09,0,0.41569383205349575,0,1.4211779,0.007427369250027975,0,0.0017539735870742209,0,3.42,LOW (PASS)
2008-11-09 22:07:00,2008-11-09,1,0.8435844686648393,0,1.402302,0.005953011782253502,0,0.9973089229206142,1,99.99,CRITICAL (DEFECT)
2008-11-09 23:10:00,2008-11-09,0,1.1971247213277023,1,1.4080375,0.0018873168143602158,0,0.0024676432190876376,0,3.59,LOW (PASS)
2008-11-09 23:48:00,2008-11-09,1,-2.038035917760696,0,1.4088185,0.0013337373714930297,0,0.9948403592827314,1,99.97,CRITICAL (DEFECT)
2008-12-09 05:11:00,2008-12-09,0,0.4896195227180809,0,1.4148713,0.002530510681283383,0,0.0014553255137811708,0,0.14,LOW (PASS)
2008-12-09 05:55:00,2008-12-09,0,-1.0994613725225872,0,1.420935,0.006827015150386585,0,0.0009513252237286374,0,0.35,LOW (PASS)
2008-12-09 06:38:00,2008-12-09,0,-0.5016235674801115,0,1.4097102,0.001126493230756547,0,0.001412881303386744,0,0.88,LOW (PASS)
2008-12-09 06:41:00,2008-12-09,0,-1.6450997707968213,0,1.3908808,0.014468243592565787,0,0.0005587258996007383,0,1.82,LOW (PASS)
2008-12-09 06:45:00,2008-12-09,0,-0.021825535930974332,0,1.409603,0.0012024291706323731,0,0.0009575568701658629,0,0.09,LOW (PASS)
2008-12-09 07:21:00,2008-12-09,0,0.13149885398409078,0,1.4071448,0.0029442256291189284,0,0.0003560318409054179,0,0.88,LOW (PASS)
2008-12-09 07:29:00,2008-12-09,0,0.874658352433592,0,1.4200697,0.006213868334414813,0,0.0009140325712626983,0,0.77,LOW (PASS)
2008-12-09 07:38:00,2008-12-09,0,-1.5556150734798457,0,1.4103811,0.000651112285682965,0,0.0013467166026754445,0,0.82,LOW (PASS)
2008-12-09 11:57:00,2008-12-09,0,0.1676928677362777,0,1.4145219,0.0022829375558372804,0,0.0009363158659047423,0,0.66,LOW (PASS)
2008-12-09 13:08:00,2008-12-09,0,-0.8473764325198885,0,1.4085201,0.0019697284785656385,0,0.0003955060460818821,0,0.51,LOW (PASS)
2008-12-09 14:52:00,2008-12-09,0,0.1362277201024632,0,1.4085681,0.0019356882296557856,0,0.0009484650634632174,0,0.16,LOW (PASS)
2008-12-09 15:40:00,2008-12-09,0,3.1034093299177474,0,1.405748,0.00393392686107116,0,0.0013936377049012735,0,1.66,LOW (PASS)
2008-12-09 16:23:00,2008-12-09,0,-1.7807818525010153,0,1.4147137,0.0024188451501200438,0,0.0018863503989249972,0,1.21,LOW (PASS)
2008-12-09 18:01:00,2008-12-09,0,0.09112161251179283,0,1.408156,0.002227691059634352,0,0.00045105391532700905,0,0.9,LOW (PASS)
2008-12-09 18:52:00,2008-12-09,0,0.021825535930966065,0,1.4013902,0.007021706858958484,0,0.0006007465447541486,0,0.94,LOW (PASS)
2008-12-09 19:36:00,2008-12-09,0,0.22771309154644678,0,1.4086096,0.001906293672284498,0,0.0005664481538525036,0,2.31,LOW (PASS)
2008-12-09 20:28:00,2008-12-09,0,-0.46833962518538447,0,1.408767,0.0017947970753589243,0,0.0004405469191494135,0,0.81,LOW (PASS)
2008-12-09 21:12:00,2008-12-09,0,-2.063422542807068,0,1.4128569,0.0011031853063982755,0,0.0004754918385839984,0,0.85,LOW (PASS)
2008-12-09 22:25:00,2008-12-09,0,-0.891755022246194,0,1.4185205,0.0051161336574112115,0,0.000712688289923321,0,0.94,LOW (PASS)
2008-12-09 22:45:00,2008-12-09,0,-1.4513981394094666,0,1.416152,0.003437940939443563,0,0.0010534167446886917,0,1.53,LOW (PASS)
2008-12-09 23:28:00,2008-12-09,0,0.9012127544829387,0,1.3877448,0.01669032008902114,0,0.00032796987763487103,0,0.99,LOW (PASS)
2008-12-09 23:40:00,2008-12-09,0,0.48871012538762054,0,1.4131882,0.001337919429774161,0,0.0022851049081534266,0,0.77,LOW (PASS)
2008-09-13 00:25:00,2008-09-13,0,-0.8081607611548558,0,1.4093088,0.0025672373110979837,0,0.0014302450892377833,0,0.82,LOW (PASS)
2008-09-13 02:57:00,2008-09-13,0,0.05099944478093915,0,1.4044094,0.0009181064591302702,0,0.0012680411788587374,0,0.81,LOW (PASS)
2008-09-13 03:14:00,2008-09-13,0,1.3527449525540027,0,1.4067589,0.0007532879876306889,0,0.0010950883387007314,0,0.69,LOW (PASS)
2008-09-13 09:19:00,2008-09-13,0,0.21523263678578328,0,1.4072822,0.0011255758571969078,0,0.0012936699477987387,0,1.02,LOW (PASS)
2008-09-13 10:55:00,2008-09-13,0,-1.0679923783565497,0,1.4044071,0.0009197177278140419,0,0.0010594832457214759,0,1.03,LOW (PASS)
2008-09-13 11:42:00,2008-09-13,0,-0.7372109327680194,0,1.4119186,0.004423842852877763,0,0.0019371153799857676,0,0.45,LOW (PASS)
2008-09-13 11:56:00,2008-09-13,1,0.5322598929941433,0,1.4098918,0.0029820117917468167,0,0.9948350316878359,1,99.97,CRITICAL (DEFECT)
2008-09-13 12:48:00,2008-09-13,0,0.9228243993539215,0,1.4058273,9.054773691087076e-05,0,0.0024359586039049523,0,0.88,LOW (PASS)
2008-09-13 14:07:00,2008-09-13,0,1.3329988390874132,0,1.4021975,0.0024916375342558267,0,0.0009177550089683126,0,1.46,LOW (PASS)
2008-09-13 16:04:00,2008-09-13,0,-0.05099944478094534,0,1.4071196,0.0010099037264250804,0,0.0013365280295430364,0,0.69,LOW (PASS)
2008-09-13 16:04:00,2008-09-13,0,-0.5125137795275599,0,1.4095906,0.0027677130568051684,0,0.0011725272120843991,0,0.73,LOW (PASS)
2008-09-13 20:06:00,2008-09-13,1,-0.6117890672319806,0,1.4209231,0.010829483907019984,0,0.9968351130937404,1,99.98,CRITICAL (DEFECT)
2008-09-14 02:50:00,2008-09-14,0,1.5831493854084087,0,1.4110241,0.0010802418106631115,0,0.0011898874817841782,0,0.76,LOW (PASS)
2008-09-14 02:59:00,2008-09-14,0,0.24056810071371607,0,1.4046456,0.005595824480421318,0,0.0019143823166169567,0,0.77,LOW (PASS)
2008-09-14 15:02:00,2008-09-14,0,-0.1573922482157075,0,1.4017444,0.007649681647407048,0,0.0012585169102841947,0,0.96,LOW (PASS)
2008-09-14 15:46:00,2008-09-14,0,-0.24377745836638195,0,1.4075106,0.00356753820227138,0,0.0015788019727352297,0,0.61,LOW (PASS)
2008-09-14 16:34:00,2008-09-14,0,-1.584486617763675,0,1.4099883,0.0018135271344063423,0,0.0016695220621609588,0,0.58,LOW (PASS)
2008-09-14 17:40:00,2008-09-14,0,1.9706793219666896,0,1.4031395,0.00666203771326422,0,0.0009222254166260345,0,1.43,LOW (PASS)
2008-09-14 18:27:00,2008-09-14,0,0.9608014472640799,0,1.4080784,0.0031655773325523088,0,0.001798359643922544,0,0.59,LOW (PASS)
2008-09-14 18:27:00,2008-09-14,0,-0.769577220459954,0,1.4143698,0.001288314512984894,0,0.0009622394454345565,0,0.84,LOW (PASS)
2008-09-14 19:13:00,2008-09-14,0,-1.7374659992069805,0,1.4100188,0.0017919226870731317,0,0.001075499595981776,0,1.06,LOW (PASS)
2008-09-14 20:00:00,2008-09-14,0,-0.12182186756541975,0,1.4080675,0.003173341430812681,0,0.001172510138948172,0,0.53,LOW (PASS)
2008-09-14 20:43:00,2008-09-14,0,1.9249459754163318,0,1.4022675,0.007279367917336235,0,0.0012894270309869327,0,0.83,LOW (PASS)
2008-09-14 20:45:00,2008-09-14,0,0.579422779540046,0,1.4109792,0.0011120577350561599,0,0.0009408658900104211,0,0.93,LOW (PASS)
2008-09-14 21:31:00,2008-09-14,0,-0.30956929024583146,0,1.4035045,0.006403628268989646,0,0.0013707343626500074,0,0.38,LOW (PASS)
2008-09-14 23:00:00,2008-09-14,0,0.12182186756541975,0,1.401329,0.007943704672832461,0,0.001849929627442339,0,0.96,LOW (PASS)
2008-09-15 02:04:00,2008-09-15,0,0.2318270410772117,0,1.4181495,0.002013319543392601,0,0.0031403055564200727,0,0.91,LOW (PASS)
2008-09-15 10:03:00,2008-09-15,0,-0.7769913499233023,0,1.4053229,0.0070494030599914,0,0.003182955539783563,0,0.59,LOW (PASS)
2008-09-15 11:40:00,2008-09-15,0,0.06259847451849009,0,1.4048868,0.007357510528444783,0,0.0010496349019754087,0,0.26,LOW (PASS)
2008-09-15 12:27:00,2008-09-15,0,-1.2136286432589096,0,1.4070743,0.005811919482485357,0,0.0013804846741090405,0,1.33,LOW (PASS)
2008-09-15 16:10:00,2008-09-15,0,2.497443454917337,0,1.4191917,0.002749728399786239,0,0.0006657838193856544,0,1.61,LOW (PASS)
2008-09-15 16:59:00,2008-09-15,0,0.06616239134139726,0,1.4090979,0.0043821424794792925,0,0.000636824598571196,0,0.66,LOW (PASS)
2008-09-15 19:54:00,2008-09-15,0,-0.7898674365092957,0,1.4062693,0.0063807138330774,0,0.0011455082935551795,0,0.95,LOW (PASS)
2008-09-15 21:56:00,2008-09-15,0,1.0400314044656547,0,1.4081415,0.005057906891562807,0,0.0016023961617771883,0,1.04,LOW (PASS)
2008-09-15 22:13:00,2008-09-15,0,-0.06259847451849532,0,1.400092,0.010745345027113995,0,0.0007943746781178534,0,1.81,LOW (PASS)
2008-09-15 22:45:00,2008-09-15,0,0.5720086500766977,0,1.4095306,0.004076393406082414,0,0.0007086070967868253,0,0.7,LOW (PASS)
2008-09-15 22:54:00,2008-09-15,0,-0.5378640276120724,0,1.399992,0.010816012650414266,0,0.002182528894848161,0,1.04,LOW (PASS)
2008-09-15 23:37:00,2008-09-15,0,-1.252716763252093,0,1.4118229,0.002456765601027711,0,0.00116972320977207,0,1.42,LOW (PASS)
2008-09-16 07:39:00,2008-09-16,0,-0.7597665696734568,0,1.400719,0.0031533443930139606,0,0.0009207043900413417,0,0.85,LOW (PASS)
2008-09-16 07:48:00,2008-09-16,0,-1.0259610949455773,0,1.4041659,0.0007003729178287225,0,0.0015807647262793612,0,0.93,LOW (PASS)
2008-09-16 08:50:00,2008-09-16,0,1.323848906132139,0,1.4098793,0.003365685630372083,0,0.0009788756646684502,0,0.67,LOW (PASS)
2008-09-16 08:52:00,2008-09-16,0,1.15491496928549,0,1.4125311,0.005252880431004843,0,0.0011468333394710774,0,1.34,LOW (PASS)
2008-09-16 09:37:00,2008-09-16,0,-0.11136264683694212,0,1.4125922,0.005296316876854426,0,0.0013226799529476743,0,0.7,LOW (PASS)
2008-09-16 17:07:00,2008-09-16,0,0.11136264683694873,0,1.4072464,0.0014918950454507179,0,0.002058053234824672,0,0.51,LOW (PASS)
2008-09-16 18:09:00,2008-09-16,0,-1.2513032654380882,0,1.4076791,0.0017998526595795971,0,0.0006736541058359083,0,0.73,LOW (PASS)
2008-09-16 18:23:00,2008-09-16,0,-0.5892334303265432,0,1.3979957,0.0050914412786267,0,0.0004858089304856048,0,0.77,LOW (PASS)
2008-09-16 19:34:00,2008-09-16,0,-0.15279652979846703,0,1.4062629,0.0007919913769759922,0,0.002492642521292308,0,0.54,LOW (PASS)
2008-09-16 19:45:00,2008-09-16,0,0.23333818299386097,0,1.4094255,0.0030427119011741098,0,0.001103728503676326,0,1.4,LOW (PASS)
2008-09-16 21:21:00,2008-09-16,0,0.7777939433128677,0,1.4128234,0.005460900284956362,0,0.0009339842544749509,0,0.5,LOW (PASS)
2008-09-16 22:45:00,2008-09-16,0,0.42306175234401006,0,1.4029533,0.001563332931855984,0,0.0015482091469446921,0,0.75,LOW (PASS)
2008-09-17 02:01:00,2008-09-17,0,-0.6745,0,1.4109925,0.005292523023314156,0,0.002110976143314509,0,0.48,LOW (PASS)
2008-09-17 04:23:00,2008-09-17,1,2.0718017902813153,0,1.4068997,0.00817781289659455,0,0.9960385659356361,1,99.98,CRITICAL (DEFECT)
2008-09-17 07:14:00,2008-09-17,0,-2.896166719948829,0,1.4097539,0.0061656818437895965,0,0.0009389061742370567,0,1.04,LOW (PASS)
2008-09-17 07:28:00,2008-09-17,0,0.0,1,1.4065413,0.008430432281998705,0,0.0009044212188419901,0,4.42,LOW (PASS)
2008-09-17 21:52:00,2008-09-17,0,0.14318030690536718,1,1.4076073,0.00767896104304862,0,0.0017161068801067254,0,5.04,LOW (PASS)
2008-09-18 00:57:00,2008-09-18,0,0.4147338842975132,0,1.4038372,0.0037348368974088834,0,0.0008787320293532481,0,0.63,LOW (PASS)
2008-09-18 01:40:00,2008-09-18,0,-2.5001095041322223,0,1.4086833,0.0002957185611410552,0,0.0006119564250866345,0,1.92,LOW (PASS)
2008-09-18 01:43:00,2008-09-18,0,0.07674063360880862,0,1.4029424,0.004369836952314578,0,0.0008915268860221293,0,0.41,LOW (PASS)
2008-09-18 02:01:00,2008-09-18,0,-0.48404201101928473,0,1.3990207,0.0071529746829683966,0,0.0006827332889352259,0,0.47,LOW (PASS)
2008-09-18 03:58:00,2008-09-18,0,-1.0663789256198355,0,1.4061878,0.0020667139181082574,0,0.0007919953942271455,0,1.68,LOW (PASS)
2008-09-18 03:58:00,2008-09-18,0,0.3153241046831903,0,1.4138094,0.0033421228138922243,0,0.00171777657121446,0,1.37,LOW (PASS)
2008-09-18 05:44:00,2008-09-18,0,0.4178926997245117,0,1.408558,0.0003846321046670192,0,0.0013032477858199902,0,0.85,LOW (PASS)
2008-09-18 05:58:00,2008-09-18,0,-0.9069516528925649,0,1.4108825,0.0012649636947742477,0,0.00032734079355458545,0,1.04,LOW (PASS)
2008-09-18 08:04:00,2008-09-18,0,-0.6745,0,1.4004084,0.006168157784599465,0,0.0014510289969393905,0,0.39,LOW (PASS)
2008-09-18 10:48:00,2008-09-18,0,0.0,0,1.4104282,0.0009425569256234877,0,0.0020357233116783387,0,0.39,LOW (PASS)
2008-09-18 13:48:00,2008-09-18,0,-0.8322549586776896,0,1.4130876,0.00282987590042913,0,0.00063328819060883,0,1.08,LOW (PASS)
2008-09-18 17:22:00,2008-09-18,0,-1.1611433884297506,0,1.4037567,0.0037919412188932083,0,0.001430016283555372,0,0.51,LOW (PASS)
2008-09-18 18:12:00,2008-09-18,0,-0.9017488980716246,0,1.4045686,0.0032158220643624617,0,0.0006940975186250252,0,0.65,LOW (PASS)
2008-09-18 18:56:00,2008-09-18,0,0.4990928374655561,0,1.4112283,0.0015103853786646582,0,0.00038139918044116075,0,0.66,LOW (PASS)
2008-09-18 21:12:00,2008-09-18,0,0.7023719008264377,0,1.4056239,0.0024668671634724914,0,0.0021883959725382154,0,0.72,LOW (PASS)
2008-09-18 21:56:00,2008-09-18,0,0.274445316804406,0,1.4113549,0.0016002295111333296,0,0.0011058170157059487,0,0.6,LOW (PASS)
2008-09-18 23:00:00,2008-09-18,0,0.34709807162533957,0,1.4102352,0.000805591153055899,0,0.0012875426796863114,0,2.46,LOW (PASS)
2008-09-18 23:05:00,2008-09-18,0,-1.0095202479338865,0,1.3911135,0.012764426007494743,0,0.002036227399940162,0,1.58,LOW (PASS)
2008-09-18 23:44:00,2008-09-18,0,2.6227458677685753,0,1.4187281,0.006832761937988132,0,0.0016396065976335362,0,1.48,LOW (PASS)
2008-09-19 00:30:00,2008-09-19,0,0.17481479421579932,0,1.4057412,0.0016042394924770794,0,0.001656760867336048,0,0.78,LOW (PASS)
2008-09-19 01:57:00,2008-09-19,0,-0.6660593715239146,0,1.4093319,0.0009459576016906338,0,0.0015105886481778848,0,1.26,LOW (PASS)
2008-09-19 02:44:00,2008-09-19,0,0.40477502780868563,0,1.4086462,0.00045896401961657634,0,0.0019585717383260176,0,0.43,LOW (PASS)
2008-09-19 04:42:00,2008-09-19,0,-0.7757875417130125,0,1.4023286,0.004027946946238214,0,0.001086916918569803,0,0.77,LOW (PASS)
2008-09-19 05:33:00,2008-09-19,0,-0.8288697163514985,0,1.4074091,0.0004196902562465268,0,0.0008196059605793624,0,0.55,LOW (PASS)
2008-09-19 05:57:00,2008-09-19,0,1.2342074527252602,0,1.4096572,0.0011770086248964933,0,0.003150386580167271,0,0.65,LOW (PASS)
2008-09-19 06:01:00,2008-09-19,0,1.3898901557286016,0,1.4099355,0.0013746169386240402,0,0.0007144324240739464,0,0.97,LOW (PASS)
2008-09-19 06:44:00,2008-09-19,0,0.9547288654060134,0,1.4100361,0.0014460742722941559,0,0.0008664938194657108,0,0.63,LOW (PASS)
2008-09-19 07:14:00,2008-09-19,0,-0.2571578142380358,0,1.4041979,0.0027003137124928566,0,0.0007019742495742101,0,0.68,LOW (PASS)
2008-09-19 07:18:00,2008-09-19,0,-3.1250958008898877,0,1.409519,0.001078797123643728,0,0.0009533075847817229,0,2.46,LOW (PASS)
2008-09-19 08:08:00,2008-09-19,0,0.031886818687435765,0,1.4061759,0.0012955505842291632,0,0.002843727595412996,0,1.3,LOW (PASS)
2008-09-19 08:52:00,2008-09-19,0,-0.8198663793103413,0,1.4053937,0.001851038221918296,0,0.001916680142519154,0,0.84,LOW (PASS)
2008-09-19 09:12:00,2008-09-19,0,-0.4856174916573973,0,1.4113941,0.0024105789466661418,0,0.0015029251004585872,0,0.86,LOW (PASS)
2008-09-19 09:47:00,2008-09-19,0,1.7588394048943445,0,1.4089223,0.0006550483617729597,0,0.0003202589210885507,0,1.06,LOW (PASS)
2008-09-19 10:45:00,2008-09-19,0,-0.37063737486095416,0,1.4077514,0.0001765321255586455,0,0.0010457065063362765,0,0.54,LOW (PASS)
2008-09-19 11:13:00,2008-09-19,0,-0.700759733036705,0,1.4082037,0.00014468721560772694,0,0.0006405019995231816,0,1.01,LOW (PASS)
2008-09-19 11:54:00,2008-09-19,0,-0.11254171301445258,0,1.4098905,0.0013426982007168915,0,0.00265157944835009,0,0.44,LOW (PASS)
2008-09-19 13:59:00,2008-09-19,0,2.238829810901015,0,1.3944733,0.009606952873006298,0,0.0012515483473481046,0,1.28,LOW (PASS)
2008-09-19 15:31:00,2008-09-19,0,1.899891685205802,0,1.4142265,0.004422221420602095,0,0.002057349934923173,0,1.69,LOW (PASS)
2008-09-19 16:40:00,2008-09-19,0,-0.21795578420467096,0,1.4061964,0.0012809881892158223,0,0.0014056134253981221,0,0.57,LOW (PASS)
2008-09-19 16:58:00,2008-09-19,1,-0.2811667130144579,0,1.4033191,0.0033244647359716383,0,0.9982902924704786,1,99.99,CRITICAL (DEFECT)
2008-09-19 17:47:00,2008-09-19,0,3.611651140155751,0,1.4100975,0.0014896767922468921,0,0.0008797702727748972,0,1.28,LOW (PASS)
2008-09-19 18:11:00,2008-09-19,0,0.10747733592881922,0,1.4033349,0.0033132889444497716,0,0.00046610276057737466,0,0.35,LOW (PASS)
2008-09-19 18:33:00,2008-09-19,0,-0.35113014460511494,0,1.4016867,0.004483868441277991,0,0.0009895026926461492,0,0.57,LOW (PASS)
2008-09-19 19:18:00,2008-09-19,0,4.294029060066769,0,1.4013771,0.0047037436729619846,0,0.000471103274826232,0,1.45,LOW (PASS)
2008-09-19 19:29:00,2008-09-19,0,0.15193131256952933,0,1.3980099,0.007095193728466822,0,0.0007053961710694309,0,1.58,LOW (PASS)
2008-09-19 20:05:00,2008-09-19,0,-0.5186297274749682,0,1.4077411,0.0001838979881526029,0,0.001919164107921274,0,0.52,LOW (PASS)
2008-09-19 20:07:00,2008-09-19,0,-0.03188681868742724,0,1.4056704,0.0016545305543254783,0,0.0005396231877287625,0,0.38,LOW (PASS)
2008-09-19 20:10:00,2008-09-19,0,0.27610233592881606,0,1.4121869,0.0029736017771238056,0,0.0006442616178930679,0,2.06,LOW (PASS)
2008-09-19 20:17:00,2008-09-19,0,-0.19094577308119925,0,1.4117763,0.0026820152165078367,0,0.0013990578222584063,0,0.69,LOW (PASS)
2008-09-19 20:19:00,2008-09-19,1,1.8659416017797739,1,1.4083825,0.0002716848465380271,0,0.9981854066850877,1,99.99,CRITICAL (DEFECT)
2008-09-19 21:08:00,2008-09-19,0,0.4010236373748651,0,1.4036838,0.0030654742339611125,0,0.0010272405875741564,0,0.53,LOW (PASS)
2008-09-19 21:09:00,2008-09-19,1,-0.17650291991101044,0,1.421416,0.009528372834873029,0,0.9979281826592941,1,99.99,CRITICAL (DEFECT)
2008-09-19 21:13:00,2008-09-19,0,1.7357683537263795,0,1.4091631,0.0008260718380924306,0,0.00022083779696530708,0,1.29,LOW (PASS)
2008-09-19 21:14:00,2008-09-19,0,-0.6829406284760855,0,1.4056388,0.001676966802456498,0,0.0009595704976889977,0,0.69,LOW (PASS)
2008-09-19 21:59:00,2008-09-19,1,-1.4521632369299227,0,1.411686,0.0026178390803443916,0,0.9986492538666152,1,99.99,CRITICAL (DEFECT)
2008-09-19 23:26:00,2008-09-19,0,0.8504402113459472,0,1.4138744,0.004172120752756692,0,0.0010465367490215109,0,2.28,LOW (PASS)
2008-09-19 23:33:00,2008-09-19,0,1.976044911012253,0,1.4146149,0.004698060274982707,0,0.001475172858462161,0,2.42,LOW (PASS)
2008-09-20 00:18:00,2008-09-20,0,0.7555249455073875,0,1.4097115,0.0004881700068165022,0,0.0004401342524013268,0,1.37,LOW (PASS)
2008-09-20 00:33:00,2008-09-20,0,-1.9298965851295709,0,1.4032416,0.005075379238025548,0,0.0010764928475191938,0,1.2,LOW (PASS)
2008-09-20 03:58:00,2008-09-20,0,1.897388592879635,0,1.4097757,0.00044261317790301525,0,0.0007306390661465901,0,1.33,LOW (PASS)
2008-09-20 04:13:00,2008-09-20,0,0.27492940179220055,0,1.4030337,0.005222783894101839,0,0.0004744398065625859,0,3.01,LOW (PASS)
2008-09-20 04:28:00,2008-09-20,0,-2.035098328893195,0,1.3965,0.009855296391169195,0,0.0004366862324157513,0,0.84,LOW (PASS)
2008-09-20 05:22:00,2008-09-20,0,1.832045894889807,0,1.4243317,0.009877741251878815,0,0.0010455128529901472,0,1.05,LOW (PASS)
2008-09-20 05:25:00,2008-09-20,0,0.3448460886413199,0,1.4155371,0.003642287641000181,0,0.0008837406300979903,0,3.01,LOW (PASS)
2008-09-20 05:34:00,2008-09-20,0,0.6343142407362551,0,1.4059588,0.00314889166580828,0,0.00116427637079383,0,0.39,LOW (PASS)
2008-09-20 06:08:00,2008-09-20,0,-0.3628153305885211,0,1.4072675,0.0022210199258968525,0,0.0008799051793848454,0,0.72,LOW (PASS)
2008-09-20 07:21:00,2008-09-20,0,-1.302933397917176,0,1.3791437,0.022161134064006167,0,0.0012520286784090794,0,0.83,LOW (PASS)
2008-09-20 08:14:00,2008-09-20,0,-1.5041889077258417,0,1.3993642,0.007824509882255743,0,0.0009464546255303901,0,0.89,LOW (PASS)
2008-09-20 10:51:00,2008-09-20,0,0.8046953257447291,0,1.4095442,0.0006067529956209959,0,0.001306944403994152,0,2.98,LOW (PASS)
2008-09-20 11:18:00,2008-09-20,0,-1.1969148704286758,0,1.403582,0.0048340717305153345,0,0.0008041198045401344,0,0.75,LOW (PASS)
2008-09-20 12:20:00,2008-09-20,0,-1.2085131993218712,0,1.3977263,0.008985828674966894,0,0.0010460119950395908,0,0.75,LOW (PASS)
2008-09-20 12:26:00,2008-09-20,0,-0.9424050617582966,0,1.4023899,0.005679281914439025,0,0.0004409668215282153,0,2.97,LOW (PASS)
2008-09-20 12:27:00,2008-09-20,0,0.17887563574715146,0,1.4105399,9.916654999207038e-05,0,0.0012299438463282653,0,0.72,LOW (PASS)
2008-09-20 12:36:00,2008-09-20,0,0.2827705255509802,0,1.4061464,0.003015855582858691,0,0.000643092175362126,0,0.9,LOW (PASS)
2008-09-20 12:57:00,2008-09-20,0,-0.5954353354323056,0,1.3972323,0.009336083775184871,0,0.0010157936819197874,0,3.02,LOW (PASS)
2008-09-20 14:00:00,2008-09-20,0,0.6380714458706706,0,1.4166342,0.004420134573265153,0,0.0004207570301257169,0,2.95,LOW (PASS)
2008-09-20 14:06:00,2008-09-20,0,0.400060668442719,0,1.4079074,0.0017673110991666154,0,0.0006913531079059036,0,0.68,LOW (PASS)
2008-09-20 14:42:00,2008-09-20,0,0.5418543230806507,0,1.4090769,0.0009380753877190827,0,0.0016454101879459283,0,1.22,LOW (PASS)
2008-09-20 14:50:00,2008-09-20,0,0.6156915718091562,0,1.425953,0.011027311623033427,0,0.00084267198610008,0,0.64,LOW (PASS)
2008-09-20 14:53:00,2008-09-20,0,-1.0801147977718566,0,1.4056454,0.003371097423161818,0,0.001415884448408041,0,0.56,LOW (PASS)
2008-09-20 15:02:00,2008-09-20,0,-2.370633083070962,0,1.4178426,0.005276924136708599,0,0.0004856808864909157,0,1.16,LOW (PASS)
2008-09-20 15:19:00,2008-09-20,0,-0.6745,0,1.4087647,0.0011594359348886972,0,0.0007600215623134138,0,0.79,LOW (PASS)
2008-09-20 15:37:00,2008-09-20,0,-0.6361111649309774,0,1.4058843,0.0032017173023035105,0,0.0014002539394719206,0,0.62,LOW (PASS)
2008-09-20 15:46:00,2008-09-20,0,0.0,0,1.4081513,0.0015943810955358283,0,0.0009856665220714764,0,0.85,LOW (PASS)
2008-09-20 16:43:00,2008-09-20,0,-0.21742782756115214,0,1.4120972,0.0012033491342699797,0,0.0008405419422273094,0,1.17,LOW (PASS)
2008-09-20 16:44:00,2008-09-20,0,-0.057991644465975406,0,1.4096488,0.0005326280624908883,0,0.0008723905482862005,0,0.86,LOW (PASS)
2008-09-20 17:26:00,2008-09-20,0,0.10471167352869715,0,1.4114074,0.00071422600083334,0,0.00063734623767635,0,0.66,LOW (PASS)
2008-09-20 17:29:00,2008-09-20,0,0.040839186243642564,0,1.4017346,0.006143893952541877,0,0.00033012896902656023,0,0.76,LOW (PASS)
2008-09-20 18:03:00,2008-09-20,0,0.7199131751029337,0,1.4133005,0.0020565042939225528,0,0.0007180167099174218,0,0.87,LOW (PASS)
2008-09-20 18:21:00,2008-09-20,0,1.0373153305885212,0,1.3995337,0.0077043209941017946,0,0.000735972285928717,0,0.92,LOW (PASS)
2008-09-20 18:56:00,2008-09-20,0,-1.471354201985957,0,1.4018891,0.006034354712705367,0,0.0007822268477633416,0,0.61,LOW (PASS)
2008-09-20 19:14:00,2008-09-20,0,-1.792676919350938,0,1.4004843,0.007030350393441044,0,0.001523720191327067,0,0.9,LOW (PASS)
2008-09-20 19:21:00,2008-09-20,0,0.5923315572777879,0,1.4180254,0.005406494857904101,0,0.0005250048475620798,0,0.79,LOW (PASS)
2008-09-20 23:34:00,2008-09-20,0,-1.5703483894405457,0,1.4075394,0.0020282274829438586,0,0.0007845187521844021,0,0.77,LOW (PASS)
2008-09-21 00:48:00,2008-09-21,0,-1.3958668046177312,0,1.4131464,0.0002451685717132454,0,0.0005441880034140387,0,0.49,LOW (PASS)
2008-09-21 01:06:00,2008-09-21,0,0.38374950991069445,0,1.4093624,0.0024331400960629582,0,0.0034143436384268208,0,1.39,LOW (PASS)
2008-09-21 02:07:00,2008-09-21,0,0.6990352864299727,0,1.4089276,0.002740948993424422,0,0.0006700598827153551,0,1.43,LOW (PASS)
2008-09-21 03:04:00,2008-09-21,0,0.044956872141145056,0,1.4079565,0.003428287611271595,0,0.0017758315512515924,0,1.12,LOW (PASS)
2008-09-21 03:47:00,2008-09-21,0,-1.006681333042913,0,1.4082482,0.0032218160181127398,0,0.000503870527024239,0,1.34,LOW (PASS)
2008-09-21 04:17:00,2008-09-21,0,-1.5997888259638453,0,1.4103811,0.0017121348800668754,0,0.00047156971614297047,0,1.48,LOW (PASS)
2008-09-21 04:49:00,2008-09-21,0,0.22742888259638522,0,1.4103006,0.0017690896513714225,0,0.000282108132894376,0,0.73,LOW (PASS)
2008-09-21 07:30:00,2008-09-21,0,-1.3232893705075213,0,1.4018978,0.007716686569467605,0,0.0007429572512792453,0,1.17,LOW (PASS)
2008-09-21 07:55:00,2008-09-21,0,-1.647243302112833,0,1.4020014,0.007643362575002937,0,0.0008086265351176037,0,0.64,LOW (PASS)
2008-09-21 08:22:00,2008-09-21,0,0.020862339359617777,0,1.4078736,0.003486929931355536,0,0.0002826097188513883,0,0.57,LOW (PASS)
2008-09-21 08:49:00,2008-09-21,0,2.1867257678065872,0,1.4152491,0.001733502217699776,0,0.00044503519709618555,0,1.02,LOW (PASS)
2008-09-21 09:16:00,2008-09-21,0,0.6354198431714244,0,1.4122281,0.0004047908406703503,0,0.0006793197820176167,0,0.93,LOW (PASS)
2008-09-21 09:31:00,2008-09-21,0,0.5148002613809638,0,1.4104457,0.0016664023081452981,0,0.0006624414334381426,0,1.09,LOW (PASS)
2008-09-21 10:07:00,2008-09-21,0,-0.40226116314528715,0,1.4029318,0.006984796663844431,0,0.0005422662319285081,0,0.77,LOW (PASS)
2008-09-21 10:49:00,2008-09-21,0,-0.8574127641036856,0,1.4046382,0.005777018002432152,0,0.0005382906283163723,0,0.51,LOW (PASS)
2008-09-21 11:33:00,2008-09-21,0,-0.5772403615769998,0,1.3957007,0.012103047734307436,0,0.0006845125606707493,0,0.43,LOW (PASS)
2008-09-21 12:04:00,2008-09-21,0,0.27694020910476974,1,1.3989198,0.00982451937236967,0,0.00260975130920994,0,5.05,LOW (PASS)
2008-09-21 14:30:00,2008-09-21,0,-0.5891407100849493,0,1.4039906,0.00623535625091556,0,0.0005565553118968691,0,1.38,LOW (PASS)
2008-09-21 14:31:00,2008-09-21,0,0.5785626225223297,0,1.4127666,2.365794884421737e-05,0,0.0011707010477703928,0,1.48,LOW (PASS)
2008-09-21 14:33:00,2008-09-21,0,2.852851448486175,0,1.4049467,0.005558649190378569,0,0.0006634331854239637,0,1.13,LOW (PASS)
2008-09-21 15:15:00,2008-09-21,0,-0.6745,0,1.4044824,0.005887299315165549,0,0.0004170325021361722,0,0.8,LOW (PASS)
2008-09-21 15:26:00,2008-09-21,0,0.04657296885210316,0,1.410265,0.0017943185056233627,0,0.0004526141969751479,0,0.71,LOW (PASS)
2008-09-21 15:34:00,2008-09-21,0,-1.4622736876497502,0,1.4075881,0.0036890138976879666,0,0.000671412579044607,0,1.57,LOW (PASS)
2008-09-21 16:43:00,2008-09-21,0,0.0,0,1.4084214,0.0030992155992897665,0,0.0008546687074515738,0,0.3,LOW (PASS)
2008-09-21 17:26:00,2008-09-21,0,-1.084253975168808,0,1.2884527,0.08801413885522631,0,0.0008851295549705302,0,1.09,LOW (PASS)
2008-09-21 17:30:00,2008-09-21,0,0.6884571988673532,0,1.4121131,0.00048621506927611037,0,0.0003687847519256016,0,0.95,LOW (PASS)
2008-09-21 18:12:00,2008-09-21,0,-0.8471285123066875,0,1.4140884,0.0009119190944518114,0,0.0004160729500166824,0,0.45,LOW (PASS)
2008-09-21 19:19:00,2008-09-21,0,-2.0339311696798155,0,1.4104974,0.0016297824996324485,0,0.0005785746171267529,0,1.9,LOW (PASS)
2008-09-21 20:35:00,2008-09-21,0,0.19951448486168546,0,1.4100587,0.001940291475040943,0,0.0005628525572396852,0,1.53,LOW (PASS)
2008-09-21 21:54:00,2008-09-21,0,-1.4871028098453514,0,1.3959705,0.011912101589919007,0,0.001053679610231776,0,1.34,LOW (PASS)
2008-09-21 22:02:00,2008-09-21,0,0.07419353082117476,0,1.4126492,0.00010676972622937145,0,0.0007281337168273734,0,1.24,LOW (PASS)
2008-09-22 00:12:00,2008-09-22,0,0.2927556407691473,0,1.4056643,0.003251652347484146,0,0.0004177279578196287,0,0.72,LOW (PASS)
2008-09-22 00:28:00,2008-09-22,0,0.1351698899633195,0,1.4115694,0.0009355416152588582,0,0.0006312010865754556,0,0.59,LOW (PASS)
2008-09-22 00:47:00,2008-09-22,0,-0.5548487829276454,0,1.4050407,0.003693828821070674,0,0.0007456379456326851,0,0.43,LOW (PASS)
2008-09-22 01:43:00,2008-09-22,0,-1.4411374347004624,0,1.4038957,0.0045057395511029046,0,0.0003129419743180271,0,0.84,LOW (PASS)
2008-09-22 03:51:00,2008-09-22,0,0.8613238301656151,0,1.4136711,0.002425890192166538,0,0.0005321861500999086,0,0.49,LOW (PASS)
2008-09-22 06:05:00,2008-09-22,0,-1.0250570745804215,0,1.4087296,0.001078132243234406,0,0.0016087617011461255,0,1.83,LOW (PASS)
2008-09-22 07:12:00,2008-09-22,0,0.88876264310326,0,1.4079221,0.001650653989669419,0,0.00046537195439386387,0,1.17,LOW (PASS)
2008-09-22 10:43:00,2008-09-22,0,0.9226488273869067,0,1.4133729,0.0022143961113189957,0,0.0019317709801225835,0,1.32,LOW (PASS)
2008-09-22 11:50:00,2008-09-22,0,-0.1351698899633195,0,1.4137782,0.002501798139648989,0,0.0011002787730551536,0,0.71,LOW (PASS)
2008-09-22 12:11:00,2008-09-22,0,0.6280189507613627,0,1.4178995,0.0054241695877150255,0,0.0009677996753902801,0,0.81,LOW (PASS)
2008-09-22 12:45:00,2008-09-22,0,-0.7209810492386373,0,1.4030696,0.0050915325088460965,0,0.0019003191423533302,0,0.99,LOW (PASS)
2008-09-22 13:03:00,2008-09-22,0,-0.8379333666777866,0,1.408887,0.0009664681022273705,0,0.0003700436495470269,0,0.65,LOW (PASS)
2008-09-22 14:24:00,2008-09-22,0,-0.3176454929420917,0,1.4042611,0.004246655075564249,0,0.0008393374708545701,0,1.31,LOW (PASS)
2008-09-22 14:27:00,2008-09-22,0,-1.2060332888740708,0,1.3981906,0.008551176689872556,0,0.001153598708578618,0,1.08,LOW (PASS)
2008-09-22 14:36:00,2008-09-22,0,1.28939929976659,0,1.4095513,0.000495466895799511,0,0.0010921477041307022,0,1.14,LOW (PASS)
2008-09-22 16:25:00,2008-09-22,0,-0.3434349783261124,0,1.4062507,0.0028358492364973114,0,0.0009007388835580109,0,0.68,LOW (PASS)
2008-09-22 21:30:00,2008-09-22,0,0.7218806824497067,0,1.4117057,0.0010322439447910676,0,0.0012660388042261056,0,0.77,LOW (PASS)
2008-09-22 21:31:00,2008-09-22,0,0.5960819717683702,0,1.4087492,0.001064184791859568,0,0.0007277765697956259,0,0.9,LOW (PASS)
2008-09-22 22:15:00,2008-09-22,0,-0.6145244525953127,0,1.4188186,0.006075895951957452,0,0.0010302986158495964,0,1.62,LOW (PASS)
2008-09-22 22:17:00,2008-09-22,0,1.0527957652550894,0,1.4081416,0.0014950342443295608,0,0.000535257292749816,0,0.47,LOW (PASS)
2008-09-22 23:01:00,2008-09-22,0,-0.2798608980771369,0,1.4053234,0.0034934081713146694,0,0.0012448610609955531,0,1.54,LOW (PASS)
2008-09-22 23:10:00,2008-09-22,0,0.1874985550739156,0,1.4119754,0.0012234508236388456,0,0.0011269552799782893,0,0.59,LOW (PASS)
2008-09-23 00:57:00,2008-09-23,0,-0.3428061858874725,0,1.4119111,0.0026709535503614914,0,0.0009465560159115016,0,1.32,LOW (PASS)
2008-09-23 06:44:00,2008-09-23,0,-0.6726129934721807,0,1.3886995,0.01381268353370656,0,0.0007046941504296981,0,0.67,LOW (PASS)
2008-09-23 06:44:00,2008-09-23,0,0.7141271370842422,0,1.3993797,0.006228177036267638,0,0.001515033820218173,0,0.82,LOW (PASS)
2008-09-23 06:52:00,2008-09-23,0,-0.7397065589058112,0,1.4080241,8.942687827042823e-05,0,0.0009212150248190357,0,1.42,LOW (PASS)
2008-09-23 07:58:00,2008-09-23,0,0.07673826546472554,0,1.4111462,0.0021277155581962805,0,0.0010700174143696741,0,0.43,LOW (PASS)
2008-09-23 08:11:00,2008-09-23,0,1.1254945601492188,0,1.4092164,0.0007573031198028831,0,0.0010986794522310373,0,0.46,LOW (PASS)
2008-09-23 09:43:00,2008-09-23,0,1.2527626670811376,0,1.4098327,0.0011949749944318592,0,0.0011174570073970626,0,1.53,LOW (PASS)
2008-09-23 11:14:00,2008-09-23,1,0.15620220702518522,0,1.402487,0.0040215319523065375,0,0.9957374430944219,1,99.98,CRITICAL (DEFECT)
2008-09-23 11:42:00,2008-09-23,0,1.3223722412185364,0,1.3963228,0.008399012603213641,0,0.0010284135107202512,0,1.34,LOW (PASS)
2008-09-23 11:43:00,2008-09-23,0,0.36062791420578927,0,1.4085763,0.0003027000314551844,0,0.0011114967622343009,0,0.43,LOW (PASS)
2008-09-23 12:29:00,2008-09-23,0,-1.2462629779297554,0,1.4103552,0.0015660225430776623,0,0.0018058478359621731,0,2.17,LOW (PASS)
2008-09-23 12:31:00,2008-09-23,0,1.734158999067463,0,1.4085438,0.00027967358079772185,0,0.0015986074635308428,0,0.53,LOW (PASS)
2008-09-23 12:46:00,2008-09-23,0,-0.45392990363692337,0,1.4124552,0.0030573238474227386,0,0.0011599093453173773,0,1.28,LOW (PASS)
2008-09-23 13:37:00,2008-09-23,0,-0.4134640969847662,0,1.4113052,0.00224064675370016,0,0.0021419624875074063,0,2.12,LOW (PASS)
2008-09-23 15:23:00,2008-09-23,0,-0.6633876282250548,0,1.408206,3.9758282403424296e-05,0,0.000773015733574579,0,2.03,LOW (PASS)
2008-09-23 15:33:00,2008-09-23,0,0.5572959278831221,0,1.3965924,0.008207605232123483,0,0.0015410739415125739,0,1.41,LOW (PASS)
2008-09-23 15:58:00,2008-09-23,0,-0.076738265464716,0,1.4149811,0.0048511012848527916,0,0.0016219543206943817,0,1.81,LOW (PASS)
2008-09-23 18:10:00,2008-09-23,0,-1.0437242772769657,0,1.403235,0.003490399777950213,0,0.0008826834726179671,0,1.96,LOW (PASS)
2008-09-23 18:36:00,2008-09-23,0,0.23482747901772522,0,1.411132,0.002117641486033641,0,0.0013387670379718152,0,0.64,LOW (PASS)
2008-09-23 18:56:00,2008-09-23,0,-1.04519194902083,0,1.3940257,0.010030335045012552,0,0.0015742952971486146,0,0.55,LOW (PASS)
2008-09-23 20:18:00,2008-09-23,0,-0.6763870065278192,0,1.4126006,0.0031606042511069456,0,0.000945261455496828,0,1.32,LOW (PASS)
2008-09-23 20:59:00,2008-09-23,0,0.903037457258323,0,1.4127235,0.00324788465782696,0,0.0016234674822541593,0,0.83,LOW (PASS)
2008-09-23 21:26:00,2008-09-23,0,0.4363178427106009,0,1.3992445,0.006324177018052795,0,0.0006828519463368777,0,2.1,LOW (PASS)
2008-09-23 22:25:00,2008-09-23,0,-1.5739731115946547,0,1.4296534,0.015270570207354606,0,0.0008911723644103719,0,1.18,LOW (PASS)
2008-09-24 02:19:00,2008-09-24,0,-1.186725811688306,0,1.4106255,0.002078167920716571,0,0.0022562540766303814,0,0.59,LOW (PASS)
2008-09-24 02:44:00,2008-09-24,0,0.5507686688311576,0,1.4118158,0.002923728978153508,0,0.00215181640104753,0,0.48,LOW (PASS)
2008-09-24 03:32:00,2008-09-24,0,0.6561045454545323,0,1.4071184,0.0004131250936787477,0,0.0003770971662131266,0,0.44,LOW (PASS)
2008-09-24 03:40:00,2008-09-24,0,0.16643506493506197,0,1.4108928,0.0022681121822920387,0,0.0011704213511963544,0,0.41,LOW (PASS)
2008-09-24 05:13:00,2008-09-24,0,1.405719318181801,0,1.4151713,0.005307389733760408,0,0.0007521673650565957,0,0.85,LOW (PASS)
2008-09-24 05:22:00,2008-09-24,0,-0.3083428571428637,0,1.4111083,0.0024211345989959493,0,0.0014629106153095815,0,0.63,LOW (PASS)
2008-09-24 06:13:00,2008-09-24,0,-0.7936324675324681,0,1.4097267,0.0014397418003342904,0,0.002059494409258443,0,0.71,LOW (PASS)
2008-09-24 06:14:00,2008-09-24,0,-0.6320152597402589,0,1.4119673,0.003031361236941925,0,0.0016003204531142316,0,1.14,LOW (PASS)
2008-09-24 07:23:00,2008-09-24,0,0.3011160714285696,0,1.4046513,0.002165727161251592,0,0.0006621776533665784,0,0.72,LOW (PASS)
2008-09-24 10:10:00,2008-09-24,0,-0.6745,0,1.4093285,0.0011568154615364129,0,0.0011604944916813922,0,0.45,LOW (PASS)
2008-09-24 10:53:00,2008-09-24,0,-2.590912175324669,0,1.408823,0.0007977589884735572,0,0.0004846653468707676,0,1.39,LOW (PASS)
2008-09-24 10:59:00,2008-09-24,0,-0.46470422077922363,0,1.3955567,0.008626287865600253,0,0.0006768161376580144,0,0.81,LOW (PASS)
2008-09-24 11:47:00,2008-09-24,0,-0.46010535714285916,0,1.4119236,0.003000367211201122,0,0.0007167019249782334,0,0.74,LOW (PASS)
2008-09-24 12:04:00,2008-09-24,0,3.9863387987012695,0,1.408363,0.0004709667881080949,0,0.0019698136228060645,0,1.94,LOW (PASS)
2008-09-24 12:35:00,2008-09-24,0,0.8126849025973906,0,1.4180577,0.007357822371088457,0,0.0017005557737792562,0,0.51,LOW (PASS)
2008-09-24 13:01:00,2008-09-24,0,2.7142055194804944,0,1.40969,0.0014136593961589696,0,0.0018021789141312188,0,1.15,LOW (PASS)
2008-09-24 15:05:00,2008-09-24,1,4.778657305194768,0,1.3812943,0.018757946957625293,0,0.9954232649578424,1,99.98,CRITICAL (DEFECT)
2008-09-24 15:39:00,2008-09-24,0,-1.87874529220779,0,1.4076686,2.2312446701134787e-05,0,0.001860365677367255,0,1.12,LOW (PASS)
2008-09-24 15:42:00,2008-09-24,0,-0.9863467532467566,0,1.4143072,0.00469360640433598,0,0.0008340165783581152,0,1.18,LOW (PASS)
2008-09-24 15:43:00,2008-09-24,0,0.0,0,1.4096718,0.0014007028772017487,0,0.0017397588888182958,0,1.04,LOW (PASS)
2008-09-24 16:26:00,2008-09-24,0,0.6223795454545333,0,1.4089639,0.0008978544486528721,0,0.0023113590270294414,0,1.78,LOW (PASS)
2008-09-24 17:54:00,2008-09-24,0,0.754213636363623,0,1.4006028,0.005041650954102451,0,0.0012415193491796756,0,0.53,LOW (PASS)
2008-09-24 18:05:00,2008-09-24,0,-0.6552285714285692,0,1.4085838,0.0006277999456817762,0,0.001021776578303182,0,1.97,LOW (PASS)
2008-09-25 01:05:00,2008-09-25,0,-0.40544703465523496,0,1.41795,0.0024744666809528317,0,0.0006431709698391298,0,1.46,LOW (PASS)
2008-09-25 02:03:00,2008-09-25,0,-0.9905438549481959,0,1.4030784,0.008039508468601813,0,0.0015209317878505926,0,1.63,LOW (PASS)
2008-09-25 06:21:00,2008-09-25,0,1.598895141121832,0,1.3909608,0.0166064699117228,0,0.002015944921649599,0,2.82,LOW (PASS)
2008-09-25 07:12:00,2008-09-25,0,1.8340905680600237,0,1.3972827,0.01213698541342873,0,0.0010744324996396061,0,1.19,LOW (PASS)
2008-09-25 07:58:00,2008-09-25,0,0.49918783494105373,0,1.4042102,0.007239363540505495,0,0.0007128000702105356,0,0.18,LOW (PASS)
2008-09-25 08:45:00,2008-09-25,0,1.3046598785280477,0,1.4160818,0.0011536460244197068,0,0.0015308188594030693,0,1.57,LOW (PASS)
2008-09-25 09:31:00,2008-09-25,0,-0.4778612004287226,0,1.4113574,0.002186415450763057,0,0.000772244371455275,0,1.04,LOW (PASS)
2008-09-25 10:23:00,2008-09-25,0,0.49159699892819064,0,1.4289544,0.010254346442644337,0,0.0007186220216597088,0,1.45,LOW (PASS)
2008-09-25 11:08:00,2008-09-25,0,2.382558592354414,0,1.4018451,0.008911459113860345,0,0.0009724919595235706,0,2.25,LOW (PASS)
2008-09-25 11:09:00,2008-09-25,0,-1.100791711325469,0,1.4273627,0.009129053091059965,0,0.0009739447097366909,0,2.04,LOW (PASS)
2008-09-25 11:55:00,2008-09-25,0,1.715408449446229,0,1.4070921,0.005201918455533042,0,0.0017946228310568866,0,0.75,LOW (PASS)
2008-09-25 13:42:00,2008-09-25,0,0.1389243479814243,0,1.4084187,0.00426406162386506,0,0.001843843928340437,0,1.46,LOW (PASS)
2008-09-25 14:08:00,2008-09-25,0,0.6064234548052865,0,1.4103676,0.0028861840770516307,0,0.0012373141368846024,0,0.74,LOW (PASS)
2008-09-25 14:28:00,2008-09-25,0,-0.21169998213647373,0,1.4058771,0.006060890133135492,0,0.0021354408823594144,0,2.87,LOW (PASS)
2008-09-25 15:12:00,2008-09-25,0,-0.13892434798141884,0,1.4055932,0.006261642736750978,0,0.0006345937468938405,0,1.9,LOW (PASS)
2008-09-25 15:40:00,2008-09-25,0,-0.5893139514112163,0,1.4057235,0.0061695257779971055,0,0.002335499394629061,0,2.28,LOW (PASS)
2008-09-25 15:55:00,2008-09-25,0,-1.3980392104322938,0,1.4138846,0.00039970042278307673,0,0.0009667753872340352,0,0.65,LOW (PASS)
2008-09-25 16:44:00,2008-09-25,0,-1.6782976956055724,0,1.4064397,0.00566317748138844,0,0.0008824462040877665,0,0.5,LOW (PASS)
2008-09-25 17:28:00,2008-09-25,0,0.19157824222936867,0,1.4109839,0.0024504615914546263,0,0.0016127402389663798,0,1.29,LOW (PASS)
2008-09-25 17:29:00,2008-09-25,0,-1.674442032868879,0,1.4054687,0.006349630023977917,0,0.0008085888157462828,0,0.88,LOW (PASS)
2008-09-25 19:49:00,2008-09-25,0,0.38327697391925614,0,1.4180719,0.0025605998299431873,0,0.0007871434981763652,0,3.0,LOW (PASS)
2008-09-25 22:05:00,2008-09-25,0,-0.21603760271525338,0,1.4249003,0.007388185844930038,0,0.0015835570884597206,0,0.22,LOW (PASS)
2008-09-25 23:04:00,2008-09-25,0,-0.7425765451947134,0,1.4060181,0.0059611880634137795,0,0.001447136967658561,0,0.6,LOW (PASS)
2008-09-25 23:48:00,2008-09-25,0,1.9072276705966404,0,1.4109993,0.0024395895990673897,0,0.002206460921545515,0,1.45,LOW (PASS)
2008-09-26 00:19:00,2008-09-26,0,1.2900542829643777,0,1.4112371,0.00038074489325011415,0,0.0008126047226168127,0,1.51,LOW (PASS)
2008-09-26 01:21:00,2008-09-26,0,-0.5771227141482199,0,1.4024824,0.005825158676306615,0,0.0019449776316226514,0,0.94,LOW (PASS)
2008-09-26 02:26:00,2008-09-26,0,0.5386911453320443,0,1.4042133,0.004598174473828896,0,0.0011873978588377,0,0.89,LOW (PASS)
2008-09-26 03:12:00,2008-09-26,0,0.0,0,1.4057971,0.0034754670279529333,0,0.0005050171643964108,0,0.6,LOW (PASS)
2008-09-26 03:29:00,2008-09-26,0,0.10386910490856538,0,1.414765,0.0028815279847188213,0,0.0015380683494327391,0,1.06,LOW (PASS)
2008-09-26 04:14:00,2008-09-26,0,0.1254219441770908,0,1.4036157,0.005021788234643001,0,0.0007391502651452596,0,1.06,LOW (PASS)
2008-09-26 05:32:00,2008-09-26,0,1.269280461982666,0,1.4076077,0.0021920347919176988,0,0.0005502900382647306,0,0.85,LOW (PASS)
2008-09-26 11:08:00,2008-09-26,0,-2.36561886429258,0,1.4061438,0.003229732175280398,0,0.0010263818871166024,0,0.9,LOW (PASS)
2008-09-26 13:36:00,2008-09-26,0,0.47507131857554685,0,1.4069697,0.0026442950847318006,0,0.0010003149547702043,0,1.16,LOW (PASS)
2008-09-26 13:45:00,2008-09-26,0,-0.8353672762271389,0,1.4061242,0.0032435906745370336,0,0.0010833595559214075,0,1.16,LOW (PASS)
2008-09-26 14:20:00,2008-09-26,0,0.030381713185751356,0,1.4114647,0.0005420612047191201,0,0.0012865357085069201,0,1.31,LOW (PASS)
2008-09-26 14:51:00,2008-09-26,0,0.33277064485081187,0,1.4144921,0.0026881005164356604,0,0.000953026468973145,0,1.18,LOW (PASS)
2008-09-26 15:06:00,2008-09-26,0,-0.5740066410009599,0,1.4085828,0.0015007998899708845,0,0.0012624290416799859,0,1.24,LOW (PASS)
2008-09-26 15:36:00,2008-09-26,0,-0.373539268527428,0,1.4101477,0.00039152842813031823,0,0.0007910541483604119,0,0.59,LOW (PASS)
2008-09-26 15:49:00,2008-09-26,0,-0.9258632338787298,0,1.4107516,3.6563994028919156e-05,0,0.0015297234039773153,0,0.54,LOW (PASS)
2008-09-26 16:31:00,2008-09-26,0,-0.12788883541867585,0,1.412559,0.0013177991509137114,0,0.00116083941141091,0,0.41,LOW (PASS)
2008-09-26 17:59:00,2008-09-26,0,-2.297844273339738,0,1.4080588,0.0018722752724841115,0,0.0013732134916138318,0,0.76,LOW (PASS)
2008-09-26 18:54:00,2008-09-26,0,1.155803464870061,0,1.4158539,0.003653378790878015,0,0.001064269971427758,0,1.2,LOW (PASS)
2008-09-26 19:38:00,2008-09-26,0,-0.6745,0,1.4104548,0.00017384858614804513,0,0.0008820081950308127,0,0.86,LOW (PASS)
2008-09-26 19:45:00,2008-09-26,0,0.949103946102015,0,1.400563,0.00718574219174007,0,0.0009677670921901804,0,1.36,LOW (PASS)
2008-09-26 19:55:00,2008-09-26,0,-1.8936636188642875,0,1.4062289,0.0031693970016874857,0,0.0010198323422911282,0,0.6,LOW (PASS)
2008-09-26 20:23:00,2008-09-26,0,-1.9707864292588977,0,1.4098744,0.0005852094055462227,0,0.0013241241870196184,0,1.1,LOW (PASS)
2008-09-26 20:31:00,2008-09-26,0,1.5524536092396415,0,1.4141295,0.002431042255833923,0,0.0013190503334206832,0,1.25,LOW (PASS)
2008-09-27 00:16:00,2008-09-27,0,0.14016072423398362,0,1.4086385,0.0008088591380803544,0,0.0008048549517496845,0,0.21,LOW (PASS)
2008-09-27 00:17:00,2008-09-27,0,-1.0356111420612766,0,1.4146115,0.005052510304283006,0,0.0009578691789791783,0,1.93,LOW (PASS)
2008-09-27 01:29:00,2008-09-27,0,0.2543935933147619,0,1.4105124,0.002140267107997642,0,0.001717392381145988,0,0.34,LOW (PASS)
2008-09-27 03:53:00,2008-09-27,0,0.39342701949860726,0,1.4150581,0.0053698630818453524,0,0.0006290657645111514,0,1.34,LOW (PASS)
2008-09-27 10:10:00,2008-09-27,0,-0.6737484679665658,0,1.4069682,0.0003778047974483423,0,0.0009441460040679923,0,0.78,LOW (PASS)
2008-09-27 10:13:00,2008-09-27,0,0.0,0,1.4053677,0.001514922062340804,0,0.0010782981260828712,0,1.4,LOW (PASS)
2008-09-27 11:04:00,2008-09-27,0,-1.9293706128133667,0,1.4088061,0.0009279405379342798,0,0.001428465107762375,0,0.99,LOW (PASS)
2008-09-27 11:45:00,2008-09-27,0,-0.14654874651810035,0,1.4126092,0.0036299703384604387,0,0.0008968920202818489,0,0.68,LOW (PASS)
2008-09-27 11:54:00,2008-09-27,0,-0.10070529247910222,0,1.4038824,0.002570223799310868,0,0.001670497007430793,0,0.5,LOW (PASS)
2008-09-27 12:26:00,2008-09-27,0,2.6594839832869046,0,1.4209882,0.009583023989194936,0,0.0009270824211677456,0,1.76,LOW (PASS)
2008-09-27 12:28:00,2008-09-27,0,0.0011272980501382476,0,1.400669,0.004853266626097789,0,0.0007893191208231181,0,1.6,LOW (PASS)
2008-09-27 12:36:00,2008-09-27,0,3.598335376044559,0,1.3991286,0.005947697528595956,0,0.0007871734996720873,0,1.26,LOW (PASS)
2008-09-27 13:14:00,2008-09-27,0,0.04527980501393327,0,1.4082761,0.0005513858410988944,0,0.0004078479860564909,0,1.15,LOW (PASS)
2008-09-27 13:19:00,2008-09-27,0,0.7419500000000026,0,1.4158536,0.0059350339077523535,0,0.0010040240640672847,0,0.58,LOW (PASS)
2008-09-27 14:01:00,2008-09-27,0,-0.8157880222841133,0,1.4063001,0.0008525211887579095,0,0.0012800259539212646,0,1.9,LOW (PASS)
2008-09-27 14:05:00,2008-09-27,0,-1.8617327298050035,0,1.407005,0.0003517186870962733,0,0.001407200927823753,0,1.71,LOW (PASS)
2008-09-27 14:46:00,2008-09-27,0,-1.874696657381606,0,1.4105177,0.0021439936951907945,0,0.0024795200756622194,0,0.8,LOW (PASS)
2008-09-27 15:09:00,2008-09-27,0,3.368366573816151,0,1.3963509,0.00792117953286076,0,0.0014651143802330315,0,2.52,LOW (PASS)
2008-09-27 15:30:00,2008-09-27,0,0.337625766016717,0,1.4158214,0.005912166213612552,0,0.0013900659405756794,0,1.23,LOW (PASS)
2008-09-27 16:13:00,2008-09-27,0,-0.4796653203342558,0,1.4059827,0.0010779797139436485,0,0.0009420052193330897,0,1.65,LOW (PASS)
2008-09-27 17:26:00,2008-09-27,0,0.6745,0,1.4201149,0.008962547221535009,0,0.001127935222722559,0,0.65,LOW (PASS)
2008-09-27 18:14:00,2008-09-27,0,-2.697812116991631,0,1.422291,0.010508657430875982,0,0.0010984485306493308,0,0.93,LOW (PASS)
2008-09-27 19:16:00,2008-09-27,0,-1.8577871866295153,0,1.4022021,0.003764002128571947,0,0.001701549894447798,0,0.74,LOW (PASS)
2008-09-27 20:46:00,2008-09-27,0,0.2585270194986107,0,1.4153286,0.005562036407783159,0,0.001385951322476985,0,0.47,LOW (PASS)
2008-09-27 21:45:00,2008-09-27,0,-1.2528038997214423,0,1.4058474,0.0011741087244942926,0,0.0008398567449026996,0,1.07,LOW (PASS)
2008-09-28 00:51:00,2008-09-28,0,-1.3015444034440324,0,1.4146553,0.003230476910975829,0,0.0019937613050534752,0,3.44,LOW (PASS)
2008-09-28 01:22:00,2008-09-28,0,0.0,0,1.4096142,0.0003445083288447791,0,0.0016764638331856173,0,1.43,LOW (PASS)
2008-09-28 03:55:00,2008-09-28,0,0.10270984009839412,0,1.4023305,0.005509841240144419,0,0.0011065473123360037,0,1.14,LOW (PASS)
2008-09-28 04:45:00,2008-09-28,1,-2.4688525215252164,0,1.4203969,0.007302213315883125,0,0.9983833801628939,1,99.99,CRITICAL (DEFECT)
2008-09-28 05:31:00,2008-09-28,0,0.5422548585485815,0,1.4053515,0.00336745389745775,0,0.0014917539158572834,0,1.49,LOW (PASS)
2008-09-28 06:22:00,2008-09-28,0,-0.5729516605166072,0,1.4106956,0.0004223449418327828,0,0.002258790327235084,0,0.52,LOW (PASS)
2008-09-28 07:38:00,2008-09-28,0,-0.7881611316113144,0,1.4099008,0.00014127657240019096,0,0.002784764607079828,0,1.29,LOW (PASS)
2008-09-28 07:52:00,2008-09-28,0,3.345619557195559,0,1.4238462,0.009748349286234272,0,0.0011363367205012218,0,1.13,LOW (PASS)
2008-09-28 08:40:00,2008-09-28,0,0.390098277982775,0,1.4035093,0.0046739196063157636,0,0.0011011861611310112,0,0.49,LOW (PASS)
2008-09-28 08:41:00,2008-09-28,0,0.06919225092250274,0,1.4051805,0.003488767362723134,0,0.0011450226295805,0,1.39,LOW (PASS)
2008-09-28 09:50:00,2008-09-28,1,-1.0831822878228792,0,1.4054824,0.003274630075254689,0,0.9963526198671029,1,99.98,CRITICAL (DEFECT)
2008-09-28 17:05:00,2008-09-28,0,1.3343982779827703,0,1.3991077,0.007795353110144185,0,0.0015889360904258077,0,1.67,LOW (PASS)
2008-09-28 17:06:00,2008-09-28,0,-0.4307507995079948,0,1.4107343,0.00044982011689288727,0,0.0032526378263709743,0,1.38,LOW (PASS)
2008-09-28 17:49:00,2008-09-28,0,2.3317954489544803,0,1.4286577,0.013160427872698508,0,0.0026747632829156025,0,1.92,LOW (PASS)
2008-09-28 17:55:00,2008-09-28,0,-0.6745,0,1.3930962,0.012058485811470178,0,0.001025308184752222,0,3.22,LOW (PASS)
2008-09-28 18:34:00,2008-09-28,0,-0.1267694956949621,0,1.3983346,0.0083435885263435,0,0.0028456174993390783,0,1.49,LOW (PASS)
2008-09-28 18:43:00,2008-09-28,0,3.705352890528896,0,1.4271271,0.012075031649324103,0,0.0008532241969565315,0,1.21,LOW (PASS)
2008-09-28 19:18:00,2008-09-28,0,-0.0819687576875776,0,1.409707,0.0002787369867008982,0,0.0025648006420727057,0,0.46,LOW (PASS)
2008-09-28 19:29:00,2008-09-28,0,-1.6412003690036916,0,1.4056127,0.003182228948052553,0,0.0021077012695508573,0,1.32,LOW (PASS)
2008-09-28 20:02:00,2008-09-28,0,0.0809731857318514,0,1.401158,0.006341366845963457,0,0.0011290997034963165,0,3.27,LOW (PASS)
2008-09-28 20:42:00,2008-09-28,0,1.1118879458794524,0,1.4115827,0.0010514841812090826,0,0.0026298814516071325,0,1.55,LOW (PASS)
2008-09-28 21:08:00,2008-09-28,0,-0.7984487084870887,0,1.4063061,0.0026904655839767757,0,0.0018650603924908367,0,0.56,LOW (PASS)
2008-09-28 21:27:00,2008-09-28,0,1.054642558425581,0,1.4031837,0.004904795615820826,0,0.002070817621592828,0,1.35,LOW (PASS)
2008-09-28 22:44:00,2008-09-28,0,-0.11714563345634094,0,1.4098947,0.00014558806140962274,0,0.0014521285595657238,0,0.28,LOW (PASS)
2008-09-28 23:54:00,2008-09-28,0,0.5719560885608811,0,1.4094312,0.0004742756941286571,0,0.0013888684310346367,0,0.4,LOW (PASS)
2008-09-29 02:06:00,2008-09-29,0,0.0,0,1.4083478,0.00010498794747569765,0,0.0014323619569228776,0,0.48,LOW (PASS)
2008-09-29 03:07:00,2008-09-29,0,-0.09604074626865634,0,1.4086608,0.0003272022372980969,0,0.0008215482982090798,0,0.56,LOW (PASS)
2008-09-29 03:50:00,2008-09-29,0,0.5099018656716426,0,1.4090787,0.0006239958754380327,0,0.0013451728178404026,0,0.69,LOW (PASS)
2008-09-29 04:18:00,2008-09-29,0,-0.173557910447759,0,1.4130855,0.003469269968855427,0,0.0018588926823763772,0,0.24,LOW (PASS)
2008-09-29 04:47:00,2008-09-29,0,-1.9172914179104457,0,1.3981128,0.0071631547175039405,0,0.001640686226192216,0,2.12,LOW (PASS)
2008-09-29 05:32:00,2008-09-29,0,1.5064504477611929,0,1.4150679,0.004877050403044569,0,0.002734925869765854,0,1.55,LOW (PASS)
2008-09-29 07:53:00,2008-09-29,0,0.24211529850746452,0,1.4047097,0.0024785388757966077,0,0.0010031756070365712,0,0.64,LOW (PASS)
2008-09-29 09:15:00,2008-09-29,0,0.04812104477612142,0,1.4014314,0.004806498102507457,0,0.0016640568271061998,0,1.42,LOW (PASS)
2008-09-29 11:13:00,2008-09-29,0,1.7645725373134347,0,1.4187843,0.007516109635506777,0,0.0024288787572323027,0,0.66,LOW (PASS)
2008-09-29 11:53:00,2008-09-29,0,-0.8110107462686561,0,1.405801,0.0017035400859588686,0,0.0012474900076991657,0,0.74,LOW (PASS)
2008-09-29 12:25:00,2008-09-29,0,0.7743662686567171,0,1.4059521,0.0015962846554045907,0,0.0009524162645171467,0,2.34,LOW (PASS)
2008-09-29 14:03:00,2008-09-29,0,-0.6011103731343288,0,1.4045745,0.0025745354489998843,0,0.0012249862494809706,0,0.7,LOW (PASS)
2008-09-29 14:04:00,2008-09-29,0,-0.9758102238805952,0,1.4089532,0.0005348562003207046,0,0.0010715209778194167,0,0.77,LOW (PASS)
2008-09-29 14:08:00,2008-09-29,0,-0.6745,0,1.4088326,0.00044918730077774536,0,0.0006519480859598362,0,0.31,LOW (PASS)
2008-09-29 15:09:00,2008-09-29,0,0.7366144029850753,0,1.406538,0.0011802148517942698,0,0.0013962070289220147,0,0.98,LOW (PASS)
2008-09-29 15:16:00,2008-09-29,0,-0.23114208955223917,0,1.4029171,0.0037514669809621,0,0.0011564045628534463,0,1.61,LOW (PASS)
2008-09-29 16:27:00,2008-09-29,0,0.7335942537313421,0,1.4042959,0.0027723696567389117,0,0.0012544576000598458,0,1.07,LOW (PASS)
2008-09-29 17:21:00,2008-09-29,0,-0.6222514179104471,0,1.4126027,0.003126425064558011,0,0.0007291453324506863,0,1.72,LOW (PASS)
2008-09-29 21:26:00,2008-09-29,0,2.809846194029852,0,1.4153835,0.005101127060248337,0,0.0014529489639410337,0,2.18,LOW (PASS)
2008-09-29 21:48:00,2008-09-29,1,-1.16809305970149,0,1.4120913,0.0027632634251911186,0,0.9937538606924574,1,99.97,CRITICAL (DEFECT)
2008-09-29 22:13:00,2008-09-29,0,0.2987934328358192,0,1.4085907,0.00027742623637787945,0,0.0007329805805398693,0,2.77,LOW (PASS)
2008-09-30 01:33:00,2008-09-30,0,-1.1574528936742885,0,1.415946,0.0020849157294727636,0,0.0013825611122724782,0,0.6,LOW (PASS)
2008-09-30 01:36:00,2008-09-30,0,0.269618438761775,0,1.3970472,0.01128996818425262,0,0.0012981604756721573,0,1.22,LOW (PASS)
2008-09-30 02:44:00,2008-09-30,1,2.2779451067102334,0,1.405074,0.0056093018743098,0,0.9985416731698602,1,99.99,CRITICAL (DEFECT)
2008-09-30 04:01:00,2008-09-30,0,2.4764952893674193,0,1.4143863,0.000981077579365955,0,0.0017073521917483608,0,1.55,LOW (PASS)
2008-09-30 04:42:00,2008-09-30,0,1.0371037300519061,0,1.4132329,0.00016484140523851884,0,0.001276668733594181,0,1.34,LOW (PASS)
2008-09-30 08:44:00,2008-09-30,0,-1.7411722745625795,0,1.4049022,0.0057308725540945685,0,0.0012742615166317019,0,1.21,LOW (PASS)
2008-09-30 12:31:00,2008-09-30,0,-0.6745,0,1.4073493,0.0039990176515118285,0,0.0006653271368552608,0,0.62,LOW (PASS)
2008-09-30 13:29:00,2008-09-30,0,-0.9448965583541603,0,1.416233,0.0022879834784262252,0,0.000396817087678591,0,0.58,LOW (PASS)
2008-09-30 14:20:00,2008-09-30,0,0.14563805037492752,0,1.4010584,0.008451153608209819,0,0.0017447236513096324,0,0.68,LOW (PASS)
2008-09-30 14:36:00,2008-09-30,0,-1.0692660065372035,0,1.3996646,0.009437554987837517,0,0.0023536830067144706,0,0.68,LOW (PASS)
2008-09-30 15:16:00,2008-09-30,0,0.3322570659488532,0,1.4093176,0.002606058946497038,0,0.0009932953728236389,0,0.85,LOW (PASS)
2008-09-30 15:26:00,2008-09-30,0,0.6514157854258771,0,1.4021498,0.0076787874920199815,0,0.0006228127591624963,0,0.95,LOW (PASS)
2008-09-30 16:13:00,2008-09-30,0,0.07093856950586136,0,1.4018711,0.007876034021747108,0,0.0010033344555541853,0,0.83,LOW (PASS)
2008-09-30 16:50:00,2008-09-30,0,-0.6877280330705631,0,1.4068253,0.0043698883720766045,0,0.0008035568979146261,0,0.81,LOW (PASS)
2008-09-30 17:27:00,2008-09-30,0,0.9068983849259699,0,1.4075967,0.003823959247241603,0,0.000879062462929362,0,0.97,LOW (PASS)
2008-09-30 19:17:00,2008-09-30,0,-1.0582426456450684,0,1.4093034,0.0026160984405250655,0,0.000982678588594173,0,0.7,LOW (PASS)
2008-09-30 19:17:00,2008-09-30,0,-0.2975010574889439,0,1.4076025,0.0038198253379359446,0,0.0010160558125447028,0,0.75,LOW (PASS)
2008-09-30 21:39:00,2008-09-30,0,0.3474303980003826,0,1.4050615,0.005618160251393354,0,0.0019278747171120325,0,0.25,LOW (PASS)
2008-09-30 21:42:00,2008-09-30,0,-0.5851459334743339,0,1.4105805,0.0017122908815144996,0,0.0009351938568085823,0,1.17,LOW (PASS)
2008-09-30 23:34:00,2008-09-30,0,-0.00440934435685632,0,1.410282,0.0019235420835832437,0,0.002230654593304236,0,0.96,LOW (PASS)
2008-09-30 23:58:00,2008-09-30,0,0.0,0,1.4018677,0.007878396255636055,0,0.0007229596657679872,0,1.02,LOW (PASS)
2008-01-10 00:20:00,2008-01-10,0,2.6871652094347365,0,1.4185003,0.007672250834409773,0,0.001650082967693165,0,1.4,LOW (PASS)
2008-01-10 01:11:00,2008-01-10,0,0.9847315982106605,0,1.4080743,0.0002658642461839826,0,0.0021180912354274474,0,0.43,LOW (PASS)
2008-01-10 02:53:00,2008-01-10,0,0.0,0,1.4089682,0.0009009030413486888,0,0.0028178589536022947,0,2.6,LOW (PASS)
2008-01-10 05:56:00,2008-01-10,1,0.22465046766978672,0,1.4007192,0.004959000218793642,0,0.9981710096567524,1,99.99,CRITICAL (DEFECT)
2008-01-10 07:19:00,2008-01-10,0,0.6745,0,1.409109,0.0010009138183975643,0,0.0012862370037803918,0,3.14,LOW (PASS)
2008-01-10 07:28:00,2008-01-10,0,2.4659434729564973,0,1.4127995,0.0036225341705390466,0,0.0021119498110584844,0,1.48,LOW (PASS)
2008-01-10 08:15:00,2008-01-10,0,-1.329387657584386,0,1.4013504,0.0045106030431172695,0,0.0025179977312276337,0,0.76,LOW (PASS)
2008-01-10 09:15:00,2008-01-10,0,0.4082933102887364,0,1.4050602,0.0018752640238446122,0,0.0017498073353750653,0,1.18,LOW (PASS)
2008-01-10 09:16:00,2008-01-10,0,0.1453782025213494,0,1.4066408,0.0007524503973492341,0,0.0026732100956330463,0,0.44,LOW (PASS)
2008-01-10 14:22:00,2008-01-10,0,-0.26634383895892827,0,1.4008218,0.00488608804348536,0,0.00261664633611048,0,3.19,LOW (PASS)
2008-01-10 15:16:00,2008-01-10,0,-0.2884248678324559,0,1.4068406,0.0006105214707328789,0,0.003223322209394679,0,0.31,LOW (PASS)
2008-01-10 16:43:00,2008-01-10,0,-0.93768940626271,1,1.4076715,2.0280051570590323e-05,0,0.0020212014016142863,0,4.14,LOW (PASS)
2008-01-10 19:57:00,2008-01-10,0,-0.6481673444489681,0,1.392414,0.010858789233372908,0,0.0013374247692161927,0,3.3,LOW (PASS)
2008-01-10 21:15:00,2008-01-10,0,-0.7622755185034582,0,1.4040376,0.00260167591675338,0,0.002553541612975314,0,0.43,LOW (PASS)
2008-01-10 21:50:00,2008-01-10,0,-1.01147570150468,0,1.4063877,0.00093223268327198,0,0.0021395345218910393,0,0.75,LOW (PASS)
2008-01-10 22:47:00,2008-01-10,0,0.7378629524196877,0,1.4039282,0.002679415030496706,0,0.0026912532544523518,0,0.78,LOW (PASS)
2008-01-10 23:34:00,2008-01-10,0,-0.6233433306222037,0,1.4042917,0.00242113148265668,0,0.00240221874353501,0,1.47,LOW (PASS)
2008-02-10 00:21:00,2008-02-10,0,0.7497113005996976,0,1.4051352,0.0013963693498581656,0,0.0037217164104436772,0,0.42,LOW (PASS)
2008-02-10 00:22:00,2008-02-10,0,-0.6832219827586213,0,1.4144869,0.0052496855759683065,0,0.0016525832639484016,0,0.48,LOW (PASS)
2008-02-10 03:17:00,2008-02-10,1,0.5767885119939973,0,1.4080015,0.0006407047717446479,0,0.9967126297660238,1,99.98,CRITICAL (DEFECT)
2008-02-10 03:27:00,2008-02-10,0,-1.3088030359820055,0,1.4132681,0.004383516067992962,0,0.001324552584239581,0,0.54,LOW (PASS)
2008-02-10 04:11:00,2008-02-10,0,-0.41081802848575616,0,1.4019908,0.003631008738733916,0,0.002143824708432707,0,1.94,LOW (PASS)
2008-02-10 04:23:00,2008-02-10,0,0.4318013493253344,0,1.4074488,0.0002478616566740616,0,0.001985142932738568,0,1.62,LOW (PASS)
2008-02-10 04:24:00,2008-02-10,0,1.7717001499250313,0,1.4090779,0.0014056347881285865,0,0.0009569045434859573,0,0.9,LOW (PASS)
2008-02-10 06:49:00,2008-02-10,0,0.7503433283358262,0,1.4094603,0.0016774141094886125,0,0.002673603749846123,0,0.72,LOW (PASS)
2008-02-10 07:35:00,2008-02-10,0,-0.6745,0,1.4139385,0.004859977072771262,0,0.0033727824120906194,0,0.53,LOW (PASS)
2008-02-10 07:58:00,2008-02-10,0,2.330791885307339,0,1.4151068,0.005690225623060618,0,0.0030325364124865945,0,2.2,LOW (PASS)
2008-02-10 08:24:00,2008-02-10,0,-0.07811862818591053,0,1.4073313,0.00016441320544599875,0,0.001586118444391068,0,0.6,LOW (PASS)
2008-02-10 08:52:00,2008-02-10,0,0.06459323463267937,0,1.4110138,0.0027814752428938056,0,0.001306578558888014,0,0.74,LOW (PASS)
2008-02-10 08:57:00,2008-02-10,0,0.024143459520237984,0,1.4014477,0.004016989595378641,0,0.0018772446537661525,0,0.68,LOW (PASS)
2008-02-10 09:10:00,2008-02-10,1,0.609021926536728,0,1.4056258,0.001047664958736636,0,0.99499685519077,1,99.97,CRITICAL (DEFECT)
2008-02-10 09:42:00,2008-02-10,0,-0.9360330772113944,0,1.4085674,0.001042867003196033,0,0.0019098523971072933,0,0.51,LOW (PASS)
2008-02-10 10:03:00,2008-02-10,0,-0.4457059595202416,0,1.4058756,0.0008701781513023298,0,0.002698473511831502,0,1.32,LOW (PASS)
2008-02-10 14:07:00,2008-02-10,1,-1.7722057721139421,0,1.3953758,0.008332079356647832,0,0.9978534895882086,1,99.99,CRITICAL (DEFECT)
2008-02-10 14:10:00,2008-02-10,1,2.1459869752623635,0,1.4127215,0.003995078353393298,0,0.9964549003474628,1,99.98,CRITICAL (DEFECT)
2008-02-10 14:54:00,2008-02-10,0,0.21084445277361064,0,1.4055808,0.0010796888313906541,0,0.0011244125060301405,0,1.76,LOW (PASS)
2008-02-10 15:10:00,2008-02-10,0,0.0,0,1.4056084,0.0010600339677511509,0,0.001201302846529085,0,0.84,LOW (PASS)
2008-02-10 15:44:00,2008-02-10,0,0.13285223013492922,0,1.3908318,0.011561407340314127,0,0.002344831401191924,0,2.66,LOW (PASS)
2008-02-10 15:58:00,2008-02-10,0,-1.0400648425787107,0,1.4133681,0.004454595510206509,0,0.000992079880494732,0,0.95,LOW (PASS)
2008-02-10 16:32:00,2008-02-10,0,1.3489999999999942,0,1.4004681,0.004713127589024319,0,0.0011184356142436053,0,1.88,LOW (PASS)
2008-02-10 16:58:00,2008-02-10,0,-1.2089426536731644,0,1.4057678,0.0009467643441045317,0,0.0018824031802105912,0,0.67,LOW (PASS)
2008-02-10 17:00:00,2008-02-10,0,-0.20844274737631435,0,1.407767,0.00047406202700799846,0,0.0016951176751226855,0,0.72,LOW (PASS)
2008-02-10 17:19:00,2008-02-10,0,2.1978132496251805,0,1.4101127,0.0021410825090532703,0,0.0023460612803615126,0,1.26,LOW (PASS)
2008-02-10 19:21:00,2008-02-10,0,-0.5078974887556247,0,1.3959808,0.007902129214533702,0,0.0018332848698812876,0,1.78,LOW (PASS)
2008-02-10 19:25:00,2008-02-10,0,-0.6678005059970047,0,1.422948,0.011262803061058882,0,0.001970149751160515,0,1.01,LOW (PASS)
2008-02-10 20:54:00,2008-02-10,0,0.20553541979010148,0,1.4084276,0.0009434913348807866,0,0.0028926400187405184,0,0.8,LOW (PASS)
2008-02-10 21:32:00,2008-02-10,1,-0.2959153860569747,0,1.4056134,0.0010564757596784823,0,0.997988268707258,1,99.99,CRITICAL (DEFECT)
2008-02-10 21:33:00,2008-02-10,0,-0.5177571214392797,0,1.4007369,0.004522085703217942,0,0.0029805266859739073,0,1.73,LOW (PASS)
2008-02-10 22:23:00,2008-02-10,0,-1.2359934407796098,0,1.4075749,0.0003374946124093819,0,0.0017512911558500177,0,1.49,LOW (PASS)
2008-02-10 22:33:00,2008-02-10,0,-1.5426532983508203,0,1.4063637,0.0005232528642171345,0,0.0018989863610314646,0,1.29,LOW (PASS)
2008-02-10 23:32:00,2008-02-10,0,1.5412628373313286,0,1.4095323,0.001728584530343181,0,0.0012795051683372788,0,1.83,LOW (PASS)
2008-02-10 23:32:00,2008-02-10,0,2.262153673163413,0,1.4026325,0.003174965070753548,0,0.0018298895947783823,0,2.36,LOW (PASS)
2008-03-10 00:24:00,2008-03-10,0,-1.128998544884708,0,1.4064237,0.0021825400778458376,0,0.002132926087539065,0,1.65,LOW (PASS)
2008-03-10 00:55:00,2008-03-10,0,2.332438213566145,0,1.4220315,0.008890693785202092,0,0.001968420839344212,0,1.89,LOW (PASS)
2008-03-10 02:41:00,2008-03-10,0,-0.690505596597268,0,1.4106327,0.000803633553741724,0,0.001731747232998485,0,1.19,LOW (PASS)
2008-03-10 03:52:00,2008-03-10,0,-0.6745,0,1.4042597,0.0037178298120196514,0,0.0015553865600010247,0,1.57,LOW (PASS)
2008-03-10 03:56:00,2008-03-10,0,1.2333369151555809,0,1.41268,0.0022561243759034095,0,0.001827774909908149,0,1.05,LOW (PASS)
2008-03-10 04:49:00,2008-03-10,0,0.0,0,1.4037274,0.004095457127784873,0,0.0021408104298393637,0,0.92,LOW (PASS)
2008-03-10 05:01:00,2008-03-10,0,-0.6192353928811305,0,1.4122722,0.001966793346287995,0,0.001793728590217497,0,1.28,LOW (PASS)
2008-03-10 05:45:00,2008-03-10,0,2.9767389747033737,0,1.3860765,0.016618221688458813,0,0.0020818893664649334,0,1.15,LOW (PASS)
2008-03-10 06:15:00,2008-03-10,0,0.08123595254085667,0,1.4058883,0.0025623663432661316,0,0.0017131341752841844,0,1.69,LOW (PASS)
2008-03-10 08:35:00,2008-03-10,0,0.11702205059323913,0,1.4112406,0.0012348814110960057,0,0.0012216559044186037,0,0.86,LOW (PASS)
2008-03-10 09:30:00,2008-03-10,0,0.5127830758898586,0,1.4040006,0.003901611258191617,0,0.0010837165184815042,0,1.47,LOW (PASS)
2008-03-10 11:40:00,2008-03-10,0,-0.05813353481083355,0,1.4036015,0.004184768313775484,0,0.0027220982443965304,0,1.97,LOW (PASS)
2008-03-10 12:31:00,2008-03-10,0,-2.9779469442578903,0,1.4068222,0.001899805897195639,0,0.0022266842305645835,0,1.75,LOW (PASS)
2008-03-10 18:45:00,2008-03-10,0,0.2216624132527395,0,1.4023798,0.0050515773528074575,0,0.0017252459188988917,0,0.37,LOW (PASS)
2008-03-10 19:23:00,2008-03-10,0,-0.10615032460264445,0,1.4092995,0.00014225309788610223,0,0.0009562306221498816,0,0.34,LOW (PASS)
2008-03-10 19:23:00,2008-03-10,0,0.17772252070740932,0,1.4137917,0.003044786127193599,0,0.0018005451561597186,0,0.66,LOW (PASS)
2008-03-10 20:11:00,2008-03-10,0,-0.4397009178419497,0,1.4085966,0.0006409072196670092,0,0.0008357442456958614,0,0.37,LOW (PASS)
2008-03-10 20:26:00,2008-03-10,0,0.9715095142153508,0,1.4022757,0.005125411316225831,0,0.0007826384270551308,0,0.58,LOW (PASS)
2008-03-10 20:35:00,2008-03-10,0,0.8345559659726869,0,1.4043148,0.0036787561681487593,0,0.0012103591670647152,0,0.88,LOW (PASS)
2008-03-10 20:46:00,2008-03-10,0,-0.6829557868815751,0,1.4090534,0.0003168158705041131,0,0.0021244032898773157,0,0.93,LOW (PASS)
2008-03-10 21:15:00,2008-03-10,0,0.44226785314528644,0,1.413574,0.0028903522014181687,0,0.003015946403934793,0,1.65,LOW (PASS)
2008-03-10 21:52:00,2008-03-10,0,-1.012127490485786,0,1.3935317,0.011328986593130433,0,0.0014429057795000903,0,0.45,LOW (PASS)
2008-03-10 22:08:00,2008-03-10,0,-1.520380680546226,0,1.4070152,0.00176287899367405,0,0.0020195557260469887,0,0.68,LOW (PASS)
2008-03-10 22:53:00,2008-03-10,0,-2.4672778150884236,0,1.4123646,0.0020323389610064826,0,0.002779719523919815,0,1.79,LOW (PASS)
2008-03-10 23:46:00,2008-03-10,0,0.3406474143720604,0,1.4080479,0.001030205883601459,0,0.002223508187590151,0,0.8,LOW (PASS)
2008-04-10 00:58:00,2008-04-10,0,-0.11283430633690084,0,1.4012897,0.0005995897503620379,0,0.0011000794312653027,0,1.02,LOW (PASS)
2008-04-10 01:49:00,2008-04-10,0,0.47840027597919504,0,1.4052769,0.0034466493647780016,0,0.0011386885665561088,0,0.54,LOW (PASS)
2008-04-10 02:36:00,2008-04-10,0,0.004582103810638112,0,1.4018197,0.00097804004622395,0,0.0006812780279006489,0,0.28,LOW (PASS)
2008-04-10 03:53:00,2008-04-10,0,0.16767636132045965,0,1.4047852,0.0030955230781314906,0,0.0007958447947205797,0,0.66,LOW (PASS)
2008-04-10 04:12:00,2008-04-10,0,-0.9612394650249296,0,1.3977315,0.0019411174990500973,0,0.001754959443710414,0,0.53,LOW (PASS)
2008-04-10 04:45:00,2008-04-10,0,-0.5146275342320239,0,1.4037342,0.0023450917222343657,0,0.0009837453668798735,0,0.67,LOW (PASS)
2008-04-10 09:29:00,2008-04-10,0,-1.6806297632947484,0,1.3837658,0.011913359404383114,0,0.0007045758907839196,0,1.17,LOW (PASS)
2008-04-10 15:16:00,2008-04-10,0,2.804104341365013,0,1.4192805,0.013445959914754313,0,0.001917474681808018,0,1.06,LOW (PASS)
2008-04-10 16:58:00,2008-04-10,0,2.1116339029826805,0,1.407982,0.005378226988191971,0,0.0018338055315804604,0,0.88,LOW (PASS)
2008-04-10 18:15:00,2008-04-10,0,0.19516898418426878,0,1.4057447,0.0037806662250933734,0,0.0014509816858440912,0,1.73,LOW (PASS)
2008-04-10 18:25:00,2008-04-10,0,1.1768847256129877,0,1.4036549,0.0022884859087507464,0,0.001217866768749294,0,0.76,LOW (PASS)
2008-04-10 18:59:00,2008-04-10,0,-0.8020113576053383,0,1.4112941,0.007743243411994797,0,0.002438629609964948,0,1.49,LOW (PASS)
2008-04-10 19:12:00,2008-04-10,0,-0.0045821038106316,0,1.4075501,0.00506983170661129,0,0.0019069307302521051,0,0.77,LOW (PASS)
2008-04-10 19:47:00,2008-04-10,0,0.6721373527226414,0,1.4047031,0.0030369594695950543,0,0.0016848402249146034,0,0.5,LOW (PASS)
2008-04-10 19:54:00,2008-04-10,0,-0.355113045324268,0,1.4127449,0.00877917235950705,0,0.0014170280626201182,0,1.73,LOW (PASS)
2008-04-10 20:39:00,2008-04-10,0,-2.2250409722959104,0,1.4038798,0.002449025103081733,0,0.0013911675039122839,0,1.78,LOW (PASS)
2008-04-10 22:06:00,2008-04-10,0,-1.960854049463938,0,1.4084375,0.005703476331531685,0,0.0017224399698458433,0,0.84,LOW (PASS)
2008-04-10 23:18:00,2008-04-10,1,0.6768626472773586,0,1.4095949,0.0065299212083925265,0,0.9982214420465948,1,99.99,CRITICAL (DEFECT)
2008-05-10 00:33:00,2008-05-10,1,-2.6653995878606156,0,1.4015949,0.005326143989438743,0,0.9964904521871358,1,99.98,CRITICAL (DEFECT)
2008-05-10 00:33:00,2008-05-10,0,0.13065436493068722,1,1.4191074,0.00710195593941498,0,0.0029758590759818497,0,5.05,LOW (PASS)
2008-05-10 01:35:00,2008-05-10,0,0.08600780567003885,0,1.4089462,0.0001091777776255932,0,0.003056201495845975,0,0.52,LOW (PASS)
2008-05-10 04:01:00,2008-05-10,0,-1.1019276258273945,0,1.4073242,0.001260231700760004,0,0.0013920412241086666,0,0.4,LOW (PASS)
2008-05-10 04:20:00,2008-05-10,0,0.6470381541151512,0,1.4098432,0.0005274296581811421,0,0.0026078371266509983,0,0.78,LOW (PASS)
2008-05-10 04:48:00,2008-05-10,0,4.653435056825267,0,1.4010439,0.005717160543365484,0,0.0008893321877171054,0,1.95,LOW (PASS)
2008-05-10 05:31:00,2008-05-10,0,0.13789890096165733,0,1.4022963,0.004828363504085011,0,0.0017377242194495165,0,0.97,LOW (PASS)
2008-05-10 05:53:00,2008-05-10,0,-1.4843717372299212,0,1.4089636,9.682632438602067e-05,0,0.0015511968531149991,0,1.21,LOW (PASS)
2008-05-10 06:15:00,2008-05-10,0,-1.6604308105407706,0,1.4110395,0.0013763805709147753,0,0.001946350658460081,0,0.77,LOW (PASS)
2008-05-10 08:02:00,2008-05-10,0,-0.3348491944548513,0,1.4129854,0.002757374561892735,0,0.0008068090311173168,0,0.87,LOW (PASS)
2008-05-10 08:40:00,2008-05-10,0,5.614768140377156,0,1.4126235,0.0025005320137054597,0,0.002512727664108633,0,2.73,LOW (PASS)
2008-05-10 09:04:00,2008-05-10,0,0.5368538154115178,0,1.4006222,0.006016387187943347,0,0.001302207852130441,0,0.61,LOW (PASS)
2008-05-10 09:47:00,2008-05-10,0,-1.0859222555264108,0,1.4175701,0.0060109673025826,0,0.002297271743410755,0,0.94,LOW (PASS)
2008-05-10 10:00:00,2008-05-10,0,-0.5393809791432465,0,1.3938559,0.010818226132314151,0,0.0015532156967317907,0,0.78,LOW (PASS)
2008-05-10 10:43:00,2008-05-10,0,-0.24134413638066335,0,1.4062209,0.002043195397556195,0,0.0008527144260118632,0,1.27,LOW (PASS)
2008-05-10 11:05:00,2008-05-10,0,3.4712278631197604,0,1.4215828,0.008858654066262404,0,0.002177884070525822,0,1.39,LOW (PASS)
2008-05-10 11:30:00,2008-05-10,0,-1.5908495691270137,0,1.405304,0.002693930865493126,0,0.0010950927553723792,0,0.9,LOW (PASS)
2008-05-10 12:03:00,2008-05-10,0,-0.2696483701760972,1,1.4074911,0.0011417931080517742,0,0.0023610653715290556,0,5.03,LOW (PASS)
2008-05-10 12:17:00,2008-05-10,0,-1.6681807793180912,0,1.4175717,0.006012067089514891,0,0.002068889253201979,0,0.73,LOW (PASS)
2008-05-10 13:49:00,2008-05-10,0,-0.6950542650181095,0,1.3941098,0.01063803027340806,0,0.0015450131555736872,0,0.89,LOW (PASS)
2008-05-10 14:34:00,2008-05-10,0,0.2846428749843878,0,1.3961718,0.00917472146049788,0,0.0018687401793271643,0,0.58,LOW (PASS)
2008-05-10 15:30:00,2008-05-10,1,3.6632923067316017,0,1.426702,0.01249158869959777,0,0.9973161332953852,1,99.99,CRITICAL (DEFECT)
2008-05-10 15:35:00,2008-05-10,1,3.1482563382040687,0,1.4155881,0.004604424415177579,0,0.9973126944335873,1,99.99,CRITICAL (DEFECT)
2008-05-10 16:15:00,2008-05-10,0,0.45244654677157425,0,1.4065247,0.0018276371588272166,0,0.004089905844066539,0,0.64,LOW (PASS)
2008-05-10 16:37:00,2008-05-10,1,3.0621642937429705,0,1.4130522,0.002804749998976027,0,0.9969293957160474,1,99.98,CRITICAL (DEFECT)
2008-05-10 16:49:00,2008-05-10,1,2.8859367428500016,0,1.4245087,0.010935051794427256,0,0.9984862541067819,1,99.99,CRITICAL (DEFECT)
2008-05-10 18:46:00,2008-05-10,1,4.378479642812533,0,1.4191029,0.0070987411776129,0,0.9978398094553539,1,99.99,CRITICAL (DEFECT)
2008-05-10 18:59:00,2008-05-10,0,-0.17951286374421915,0,1.3993509,0.006918635467395684,0,0.0009579912793079933,0,0.51,LOW (PASS)
2008-05-10 19:45:00,2008-05-10,0,-0.08600780567003885,0,1.4043171,0.003394241344377931,0,0.001239637099067339,0,0.72,LOW (PASS)
2008-05-10 20:12:00,2008-05-10,0,0.6539457349818903,0,1.4013977,0.005466070726824037,0,0.002183263149866823,0,1.09,LOW (PASS)
2008-05-10 20:30:00,2008-05-10,0,-0.588239477956786,0,1.4076115,0.0010563481233122655,0,0.0015672076522644824,0,0.71,LOW (PASS)
2008-05-10 22:13:00,2008-05-10,0,-0.3821913950293476,0,1.412413,0.002351130188903507,0,0.0021782309247959076,0,1.37,LOW (PASS)
2008-06-10 00:41:00,2008-06-10,0,0.5591999188311624,0,1.4031892,0.0002774305012753642,0,0.0008342554592111444,0,0.86,LOW (PASS)
2008-06-10 01:25:00,2008-06-10,0,-2.313337905844147,0,1.4003859,0.001720933962248685,0,0.0012818229591057301,0,1.29,LOW (PASS)
2008-06-10 01:27:00,2008-06-10,0,-2.158509496753235,0,1.4034617,0.0004716923299714,0,0.0016132512115122084,0,1.86,LOW (PASS)
2008-06-10 01:30:00,2008-06-10,0,-0.3647336850649373,0,1.4030951,0.00021038212732909468,0,0.0008440878382024102,0,0.81,LOW (PASS)
2008-06-10 02:44:00,2008-06-10,0,-0.5092693993506487,0,1.40947,0.004754715264402239,0,0.0012562544997336367,0,0.94,LOW (PASS)
2008-06-10 02:49:00,2008-06-10,0,0.3476521915584395,0,1.4051341,0.0016638617065141321,0,0.0023237339094736398,0,0.75,LOW (PASS)
2008-06-10 03:31:00,2008-06-10,0,0.42495689935065123,0,1.4031126,0.0002228740296993122,0,0.0011597804867789806,0,0.7,LOW (PASS)
2008-06-10 03:50:00,2008-06-10,1,0.44663725649350344,0,1.4039248,0.0008018354640414345,0,0.9964395614727276,1,99.98,CRITICAL (DEFECT)
2008-06-10 03:57:00,2008-06-10,1,0.9713456980519427,0,1.4145561,0.008380426193162108,0,0.9978537470478672,1,99.99,CRITICAL (DEFECT)
2008-06-10 04:26:00,2008-06-10,0,-1.082156412337655,0,1.407036,0.003019615518857332,0,0.0017664300299342385,0,1.39,LOW (PASS)
2008-06-10 05:21:00,2008-06-10,0,-2.2923145292207696,0,1.4135829,0.007686658227512749,0,0.0009516231131812668,0,1.24,LOW (PASS)
2008-06-10 05:24:00,2008-06-10,0,0.006898295454546609,0,1.4029496,0.00010662285662136954,0,0.002324562732108889,0,1.28,LOW (PASS)
2008-06-10 06:11:00,2008-06-10,0,-0.3561929383116834,0,1.3975285,0.0037577938800156495,0,0.0009280366590028847,0,0.98,LOW (PASS)
2008-06-10 06:26:00,2008-06-10,0,-3.071931412337646,0,1.3968183,0.004264098331184058,0,0.0015618764483410772,0,1.42,LOW (PASS)
2008-06-10 06:49:00,2008-06-10,0,-0.2707854707792243,0,1.399974,0.002014536157412641,0,0.0004414798562446142,0,0.74,LOW (PASS)
2008-06-10 07:12:00,2008-06-10,0,0.9501033279220671,0,1.4111772,0.005971698487830029,0,0.000999095704870746,0,0.91,LOW (PASS)
2008-06-10 07:17:00,2008-06-10,0,-2.2629693993506366,0,1.4038728,0.0007647846515692247,0,0.0005115718381526928,0,1.54,LOW (PASS)
2008-06-10 07:35:00,2008-06-10,0,-0.6305918019480498,0,1.4066834,0.0027683328296822757,0,0.0010879630368675012,0,1.11,LOW (PASS)
2008-06-10 07:38:00,2008-06-10,0,0.14267426948051584,0,1.40339,0.0004206199944305787,0,0.0008186502727609674,0,0.73,LOW (PASS)
2008-06-10 08:24:00,2008-06-10,0,0.11683303571428581,0,1.4014542,0.0009593528123038591,0,0.001396970454372583,0,1.15,LOW (PASS)
2008-06-10 08:57:00,2008-06-10,0,3.75628612012985,0,1.4069111,0.002930642581567415,0,0.002065241777472217,0,1.93,LOW (PASS)
2008-06-10 09:11:00,2008-06-10,0,0.34677621753246624,0,1.4031066,0.00021854010438719591,0,0.0008332158995827127,0,0.69,LOW (PASS)
2008-06-10 09:57:00,2008-06-10,0,2.25990349025973,0,1.4025277,0.00019411756846842508,0,0.0020516317417597447,0,1.54,LOW (PASS)
2008-06-10 10:07:00,2008-06-10,0,1.5343780032467453,0,1.4108928,0.0057690237452928264,0,0.0021705773023959632,0,1.59,LOW (PASS)
2008-06-10 11:51:00,2008-06-10,0,-0.1796841720779194,0,1.4091461,0.004523827517872436,0,0.002989550304077802,0,1.2,LOW (PASS)
2008-06-10 12:39:00,2008-06-10,0,0.22720576298701164,0,1.4005127,0.0016305163831880631,0,0.0014083571831885165,0,0.6,LOW (PASS)
2008-06-10 12:42:00,2008-06-10,0,-0.7092104707792213,0,1.4013108,0.0010615824623131903,0,0.0035456042767037666,0,0.86,LOW (PASS)
2008-06-10 13:08:00,2008-06-10,0,-0.2672815746753215,0,1.409313,0.004642798016636413,0,0.0008044550151494394,0,0.91,LOW (PASS)
2008-06-10 13:38:00,2008-06-10,1,0.05157297077922087,0,1.3933575,0.006731121580910486,0,0.9986912569347689,1,99.99,CRITICAL (DEFECT)
2008-06-10 13:55:00,2008-06-10,1,3.2795372564934895,0,1.414886,0.00861556288607634,0,0.9987145003204757,1,99.99,CRITICAL (DEFECT)
2008-06-10 15:00:00,2008-06-10,1,-0.5631418019480519,0,1.4020013,0.0005693845131410821,0,0.9949070936451823,1,99.97,CRITICAL (DEFECT)
2008-06-10 15:01:00,2008-06-10,0,-0.01719099025973697,0,1.416884,0.010039809714136514,0,0.0019525794831575139,0,1.18,LOW (PASS)
2008-06-10 15:52:00,2008-06-10,0,-2.804759334415564,0,1.4190344,0.01157274459071035,0,0.0014643814759649238,0,1.7,LOW (PASS)
2008-06-10 16:42:00,2008-06-10,0,-2.1458078733766137,0,1.4055333,0.0019484561353431014,0,0.0006089009521213847,0,2.45,LOW (PASS)
2008-06-10 16:50:00,2008-06-10,0,1.9614153409090804,0,1.4072568,0.0031770814718642235,0,0.0022684043393672907,0,1.3,LOW (PASS)
2008-06-10 17:26:00,2008-06-10,0,4.571160957792183,0,1.403481,0.00048545891625694583,0,0.0006191662597156006,0,1.39,LOW (PASS)
2008-06-10 17:26:00,2008-06-10,0,-0.7484103084415581,0,1.3998288,0.0021180404913373006,0,0.0016623811782901243,0,0.58,LOW (PASS)
2008-06-10 17:35:00,2008-06-10,0,-2.9127231331168684,0,1.4028232,1.6545193271501693e-05,0,0.0007430103239925398,0,1.39,LOW (PASS)
2008-06-10 18:54:00,2008-06-10,0,-1.4962731331168704,0,1.4049286,0.001517358035179064,0,0.0007970056482618043,0,1.08,LOW (PASS)
2008-06-10 18:55:00,2008-06-10,0,-0.39035592532466906,0,1.3987195,0.002908769413479301,0,0.002377188111349768,0,1.36,LOW (PASS)
2008-06-10 19:42:00,2008-06-10,0,1.056315178571425,0,1.4055499,0.0019602682062918103,0,0.001830864586006106,0,1.09,LOW (PASS)
2008-06-10 20:02:00,2008-06-10,0,0.31261323051948064,0,1.4005092,0.001632980772091031,0,0.0011434906365566453,0,0.87,LOW (PASS)
2008-06-10 20:36:00,2008-06-10,0,0.07106339285714004,0,1.3998919,0.0020730866385900554,0,0.0010434085859714042,0,0.94,LOW (PASS)
2008-06-10 20:47:00,2008-06-10,0,-0.006898295454546609,0,1.3919039,0.0077673546251447205,0,0.001232303301075505,0,0.73,LOW (PASS)
2008-06-10 21:46:00,2008-06-10,0,0.6397895292207787,0,1.4049928,0.001563161677203195,0,0.0012536504443728194,0,0.8,LOW (PASS)
2008-06-10 21:48:00,2008-06-10,0,1.7345380681818063,0,1.4003841,0.0017222086461640134,0,0.0006670345691266289,0,1.0,LOW (PASS)
2008-06-10 22:37:00,2008-06-10,0,-3.3158901785714083,0,1.4103725,0.005398090725932286,0,0.0013932840785217278,0,1.32,LOW (PASS)
2008-06-10 23:03:00,2008-06-10,0,1.83483709415583,0,1.4049289,0.0015176129719621297,0,0.0008810362582496907,0,1.42,LOW (PASS)
2008-07-10 01:46:00,2008-07-10,0,-1.7545608275010365,0,1.4020498,0.000677272512692177,0,0.0010539922577153004,0,0.66,LOW (PASS)
2008-07-10 03:29:00,2008-07-10,0,0.8108439687114001,0,1.4061016,0.002210664524493234,0,0.000749851788258159,0,0.95,LOW (PASS)
2008-07-10 03:39:00,2008-07-10,0,-0.3594649032523723,0,1.4089727,0.004257090236947576,0,0.0018308506894309665,0,1.21,LOW (PASS)
2008-07-10 07:32:00,2008-07-10,0,-0.6378454096335958,0,1.4040775,0.0007680129915157679,0,0.000827640440804503,0,1.03,LOW (PASS)
2008-07-10 07:41:00,2008-07-10,0,-0.09885631947303912,0,1.4017355,0.000901245034096771,0,0.000961889428762024,0,0.95,LOW (PASS)
2008-07-10 08:25:00,2008-07-10,0,0.716430629888843,0,1.4124689,0.0067489969546083994,0,0.0011631725599462086,0,0.88,LOW (PASS)
2008-07-10 08:26:00,2008-07-10,0,-1.8073212227254052,0,1.4095767,0.004687532116096162,0,0.00044200833800670924,0,0.81,LOW (PASS)
2008-07-10 09:11:00,2008-07-10,0,-0.0006942157266390025,0,1.404564,0.0011147625589862336,0,0.0019929260449821043,0,0.28,LOW (PASS)
2008-07-10 09:20:00,2008-07-10,0,0.564675072046105,0,1.4106412,0.005446285764101861,0,0.0009647532294354245,0,0.57,LOW (PASS)
2008-07-10 09:59:00,2008-07-10,0,0.0006942157266326887,0,1.4043727,0.0009783908226985352,0,0.0003971832149251637,0,0.5,LOW (PASS)
2008-07-10 10:04:00,2008-07-10,0,-1.1947452655413793,0,1.4048045,0.0012861406225951359,0,0.0004819997021214646,0,0.88,LOW (PASS)
2008-07-10 10:10:00,2008-07-10,0,0.7582224166323557,0,1.4043745,0.0009796653249068315,0,0.0009044938491919171,0,1.11,LOW (PASS)
2008-07-10 10:51:00,2008-07-10,0,0.18882667764512048,0,1.3999391,0.002181694919365068,0,0.0011626608567106293,0,0.92,LOW (PASS)
2008-07-10 11:15:00,2008-07-10,0,-0.2876829971181596,0,1.4011532,0.0013163079199319157,0,0.0008734825127196995,0,0.44,LOW (PASS)
2008-07-10 11:16:00,2008-07-10,0,-0.24089285714286254,0,1.4076325,0.003301808348422595,0,0.0023606509332375213,0,0.83,LOW (PASS)
2008-07-10 11:36:00,2008-07-10,0,-2.07681576780569,0,1.4031041,7.417398931929063e-05,0,0.0012166179723269019,0,0.99,LOW (PASS)
2008-07-10 12:40:00,2008-07-10,0,-1.9020122478386228,0,1.4050446,0.0014572637857623786,0,0.0008296838257016251,0,1.04,LOW (PASS)
2008-07-10 13:10:00,2008-07-10,1,0.7111545903664043,0,1.4030521,3.712845846481302e-05,0,0.9970220843238051,1,99.99,CRITICAL (DEFECT)
2008-07-10 13:48:00,2008-07-10,0,-1.8188452037875695,0,1.4016464,0.0009648002108838106,0,0.0011503240202878056,0,1.24,LOW (PASS)
2008-07-10 14:35:00,2008-07-10,0,0.18063493207080802,0,1.409313,0.004499585523779408,0,0.0003419685647607117,0,0.31,LOW (PASS)
2008-07-10 16:32:00,2008-07-10,0,0.360436805269653,0,1.4145465,0.008229798587020866,0,0.0009848699496310526,0,0.91,LOW (PASS)
2008-07-10 17:06:00,2008-07-10,0,-1.5074200288184483,0,1.3899906,0.009272515405442073,0,0.0011569868498754591,0,1.21,LOW (PASS)
2008-07-10 17:28:00,2008-07-10,0,0.06581165088513498,0,1.4140117,0.007848637459926403,0,0.0005846245218146633,0,0.71,LOW (PASS)
2008-07-10 18:39:00,2008-07-10,0,1.2913800946891711,0,1.4051785,0.001552766484570711,0,0.0008190123682046646,0,0.72,LOW (PASS)
2008-07-10 19:24:00,2008-07-10,0,-0.22187134623301827,0,1.4032309,0.0001645786792944378,0,0.0004339747359875485,0,1.05,LOW (PASS)
2008-07-10 20:19:00,2008-07-10,0,2.3556128036228916,0,1.3936175,0.0066874000929478495,0,0.0012900545452927926,0,1.21,LOW (PASS)
2008-07-10 20:39:00,2008-07-10,0,0.9262226224783818,0,1.3957797,0.005146272022676027,0,0.0005060428629713435,0,1.11,LOW (PASS)
2008-07-10 20:48:00,2008-07-10,0,0.15578200905722264,0,1.4055867,0.001843692855317801,0,0.00126136991746113,0,0.67,LOW (PASS)
2008-08-10 04:47:00,2008-08-10,0,0.9765839043229201,0,1.4178189,0.012474580767113231,0,0.0008854741198188365,0,0.91,LOW (PASS)
2008-08-10 05:35:00,2008-08-10,0,0.38686906689922257,0,1.4008546,0.00036032702657292194,0,0.001064533879015515,0,0.29,LOW (PASS)
2008-08-10 05:38:00,2008-08-10,0,-0.4882079232589964,0,1.4064665,0.004367794045691276,0,0.000940983159272915,0,0.34,LOW (PASS)
2008-08-10 06:25:00,2008-08-10,0,0.196963747352689,0,1.3940947,0.0044669188054035705,0,0.0005912421658207187,0,0.69,LOW (PASS)
2008-08-10 07:10:00,2008-08-10,0,0.5927398779120543,0,1.4064412,0.004349746993944035,0,0.0009740321175734413,0,0.86,LOW (PASS)
2008-08-10 07:13:00,2008-08-10,0,-0.05596324903449968,0,1.3942615,0.0043478252893923005,0,0.0005848694060081349,0,0.7,LOW (PASS)
2008-08-10 07:16:00,2008-08-10,0,-0.18167048710600867,0,1.3975053,0.0020314180955519246,0,0.000817712976951735,0,0.92,LOW (PASS)
2008-08-10 09:01:00,2008-08-10,0,-0.7418071508658182,0,1.394417,0.004236733768023674,0,0.0012560713449717043,0,0.84,LOW (PASS)
2008-08-10 09:06:00,2008-08-10,0,-0.05982857854739398,0,1.4064572,0.004361154092689933,0,0.0010363833874245457,0,0.18,LOW (PASS)
2008-08-10 10:37:00,2008-08-10,0,-0.44871433910551595,0,1.3995076,0.0006015297549934448,0,0.0008277018044438823,0,0.97,LOW (PASS)
2008-08-10 12:11:00,2008-08-10,0,-1.0565794194593157,0,1.4031686,0.0020127389202789794,0,0.0002710821720051886,0,1.59,LOW (PASS)
2008-08-10 13:35:00,2008-08-10,0,1.5644501058926228,0,1.3804206,0.01423165071469937,0,0.0009500462213885461,0,0.88,LOW (PASS)
2008-08-10 13:38:00,2008-08-10,0,1.1901853743615405,0,1.424924,0.017548356136165233,0,0.000656479664055922,0,0.95,LOW (PASS)
2008-08-10 14:48:00,2008-08-10,0,1.2609377102279842,0,1.3937505,0.00471268219405585,0,0.0011780357228067051,0,1.78,LOW (PASS)
2008-08-10 15:37:00,2008-08-10,0,2.7991707985548846,0,1.4207915,0.014597322665081097,0,0.0013858537582149034,0,2.32,LOW (PASS)
2008-08-10 16:26:00,2008-08-10,0,-1.3318581038993325,0,1.407052,0.004785940829570733,0,0.0011372225005859596,0,1.64,LOW (PASS)
2008-08-10 17:14:00,2008-08-10,0,0.01663772268593895,0,1.402657,0.0016474563776025233,0,0.0023655537014089494,0,1.32,LOW (PASS)
2008-08-10 17:31:00,2008-08-10,0,-0.8202901457580583,0,1.4014076,0.0007552339749476786,0,0.0006393923530250355,0,0.33,LOW (PASS)
2008-08-10 17:41:00,2008-08-10,0,0.5428267098542451,0,1.4097857,0.006738087011965628,0,0.001369394525024717,0,1.55,LOW (PASS)
2008-08-10 18:22:00,2008-08-10,0,0.6071928491341818,0,1.4089881,0.006168498223093998,0,0.0008718508983428308,0,1.58,LOW (PASS)
2008-08-10 20:27:00,2008-08-10,0,-1.6731835056683608,0,1.3737026,0.019028931630567236,0,0.000857512844771651,0,2.1,LOW (PASS)
2008-08-10 21:19:00,2008-08-10,0,-0.016637722685931305,0,1.4190379,0.013345095631109838,0,0.0010949622519624816,0,0.86,LOW (PASS)
2008-08-10 21:45:00,2008-08-10,0,-0.44905045471533245,0,1.404208,0.0027549664871855334,0,0.0007278925172822926,0,0.95,LOW (PASS)
2008-08-10 22:08:00,2008-08-10,0,5.947733773514395,0,1.4073166,0.004974838979698689,0,0.0010914848723255362,0,2.47,LOW (PASS)
2008-08-10 23:13:00,2008-08-10,0,0.8577670362526545,0,1.4128462,0.00892356795303593,0,0.001827276161538427,0,1.63,LOW (PASS)
2008-08-10 23:50:00,2008-08-10,0,-3.119657032515256,0,1.404696,0.003103478892153469,0,0.0014065860973501913,0,0.94,LOW (PASS)
2008-09-10 00:23:00,2008-09-10,0,3.0936494665572174,0,1.3981937,0.0012188519241461892,0,0.0003969422761319711,0,1.21,LOW (PASS)
2008-09-10 04:34:00,2008-09-10,1,-1.0336152031185903,0,1.4134753,0.009697248422879117,0,0.9950649266328967,1,99.98,CRITICAL (DEFECT)
2008-09-10 06:06:00,2008-09-10,0,0.41197917521542027,0,1.399204,0.0004971635806506281,0,0.0004070688761530996,0,0.78,LOW (PASS)
2008-09-10 07:38:00,2008-09-10,0,-0.39343526877309637,0,1.4020944,0.0015675037439975578,0,0.001659276152125282,0,0.2,LOW (PASS)
2008-09-10 14:15:00,2008-09-10,0,-0.03833329913829063,0,1.4044274,0.003234071598929903,0,0.0006782489958803403,0,0.46,LOW (PASS)
2008-09-10 15:04:00,2008-09-10,0,-0.9370208247845797,0,1.4126385,0.00909954571102126,0,0.0004025288418808365,0,0.88,LOW (PASS)
2008-09-10 15:55:00,2008-09-10,1,5.092516516208413,0,1.3976936,0.0015760770098056439,0,0.9964315144645147,1,99.98,CRITICAL (DEFECT)
2008-09-10 15:56:00,2008-09-10,0,0.03833329913827804,0,1.4124081,0.008934941160227522,0,0.0009948561249110662,0,0.93,LOW (PASS)
2008-10-10 10:05:00,2008-10-10,0,2.7107251379829225,0,1.3958522,0.0015363208149354612,0,0.0008795851303650304,0,1.06,LOW (PASS)
2008-10-10 10:46:00,2008-10-10,0,-0.7724429503261426,1,1.3999828,0.001418308896536252,0,0.0010376150546717857,0,5.01,LOW (PASS)
2008-10-10 10:53:00,2008-10-10,0,-0.9528962368289003,0,1.4118334,0.009895069058654666,0,0.0015553867111108705,0,2.05,LOW (PASS)
2008-10-10 12:30:00,2008-10-10,0,0.3772868038133432,0,1.4024801,0.0032046447645195397,0,0.0009582985092289842,0,1.02,LOW (PASS)
2008-10-10 15:33:00,2008-10-10,0,2.6347804315102668,0,1.4202145,0.015890110804534327,0,0.0007558101446538998,0,0.93,LOW (PASS)
2008-10-10 15:50:00,2008-10-10,0,0.32042980431509593,0,1.398362,0.0002589684764159226,0,0.0020055390847695488,0,0.96,LOW (PASS)
2008-10-10 20:02:00,2008-10-10,0,-0.5765570496738572,0,1.4041514,0.004400139960907229,0,0.0003697579352046572,0,0.57,LOW (PASS)
2008-10-10 21:03:00,2008-10-10,0,0.5405476166582989,0,1.4077251,0.006956384967848037,0,0.0006479043223499496,0,0.53,LOW (PASS)
2008-10-10 21:07:00,2008-10-10,0,-0.3204298043151021,0,1.4029154,0.0035159680856330527,0,0.000483746321138206,0,0.5,LOW (PASS)
2008-10-10 21:16:00,2008-10-10,0,-1.4304950326141426,0,1.3986971,0.0004986644105846668,0,0.0006439463455705685,0,1.38,LOW (PASS)
2008-11-10 02:55:00,2008-11-10,0,0.0,0,1.4069762,0.0005141520682928955,0,0.0012249317622068674,0,1.04,LOW (PASS)
2008-11-10 06:56:00,2008-11-10,0,0.10212742429398267,1,1.4055477,0.0015289100203476594,0,0.0013338358115629022,0,5.02,LOW (PASS)
2008-11-10 07:38:00,2008-11-10,0,0.6006010547805325,0,1.408499,0.0005675902399393965,0,0.000738922682200861,0,1.1,LOW (PASS)
2008-11-10 07:39:00,2008-11-10,0,-2.1462824089826227,0,1.4088897,0.0008450968583891554,0,0.002419810880391447,0,1.73,LOW (PASS)
2008-11-10 07:42:00,2008-11-10,0,-0.35824923443346923,0,1.3981483,0.006785276609848723,0,0.001043981498295812,0,0.3,LOW (PASS)
2008-11-10 08:27:00,2008-11-10,0,0.6745,0,1.3960108,0.008303729821756757,0,0.0010799475226760085,0,0.3,LOW (PASS)
2008-11-10 14:43:00,2008-11-10,0,-2.8026519224225592,0,1.4042017,0.0024850672461383914,0,0.0009096152893595666,0,0.96,LOW (PASS)
2008-11-10 15:33:00,2008-11-10,0,0.6584350119088064,0,1.4074739,0.00016059999870859782,0,0.0005336545123412922,0,0.64,LOW (PASS)
2008-11-10 16:25:00,2008-11-10,0,-0.926720313031625,0,1.4069388,0.0005407425712508523,0,0.0001976456125224439,0,0.68,LOW (PASS)
2008-11-10 23:16:00,2008-11-10,0,1.5238788703640547,0,1.4067855,0.0006496450769958599,0,0.000648202140769069,0,1.15,LOW (PASS)
2008-11-10 23:58:00,2008-11-10,0,-1.2108411024157688,0,1.4224895,0.010506087111432274,0,0.0005436008164401631,0,1.21,LOW (PASS)
2008-12-10 00:57:00,2008-12-10,0,0.0,0,1.4062325,0.003734788641363025,0,0.000564617601908977,0,2.29,LOW (PASS)
2008-12-10 01:50:00,2008-12-10,0,-0.487768844902386,0,1.3929834,0.005721988719229246,0,0.0009480757785538998,0,0.44,LOW (PASS)
2008-12-10 02:59:00,2008-12-10,0,0.10095553145336163,0,1.400435,0.0004033012928438287,0,0.0007117826495290829,0,0.39,LOW (PASS)
2008-12-10 03:21:00,2008-12-10,0,-1.1904339750542292,0,1.4105016,0.006781963948743114,0,0.0008184448199761133,0,0.87,LOW (PASS)
2008-12-10 03:28:00,2008-12-10,0,1.5108580531453257,0,1.402152,0.0008222227201181789,0,0.0014247228455609754,0,2.99,LOW (PASS)
2008-12-10 08:19:00,2008-12-10,0,-0.6745,0,1.4057868,0.00341664420725451,0,0.0006849389249597971,0,0.73,LOW (PASS)
2008-12-10 18:47:00,2008-12-10,0,1.2838909978307955,0,1.4022524,0.0008939519947781089,0,0.0009704334457799239,0,2.71,LOW (PASS)
2008-10-13 03:34:00,2008-10-13,0,1.0332926080892733,0,1.4136096,0.001991497018731458,0,0.0006948840861592039,0,0.91,LOW (PASS)
2008-10-13 03:53:00,2008-10-13,0,-0.9426066945606616,0,1.4114469,0.00045855145481408165,0,0.0005761995712557439,0,0.66,LOW (PASS)
2008-10-13 11:27:00,2008-10-13,0,1.1121253835425435,0,1.3919052,0.013392881705909522,0,0.0004885386046255875,0,0.68,LOW (PASS)
2008-10-13 12:18:00,2008-10-13,0,-0.17629191073918946,0,1.405561,0.003713490614330469,0,0.0009229837230405136,0,0.39,LOW (PASS)
2008-10-13 14:06:00,2008-10-13,0,5.177939888424011,0,1.4194553,0.006134979083433054,0,0.00046680549334475994,0,1.95,LOW (PASS)
2008-10-13 14:29:00,2008-10-13,0,-1.3377112970711227,0,1.4109977,0.00014016655321333902,0,0.0004679329019031868,0,0.6,LOW (PASS)
2008-10-13 14:30:00,2008-10-13,0,2.2012970711297215,0,1.3999635,0.0076810498114278335,0,0.0011510444485381818,0,1.77,LOW (PASS)
2008-10-13 14:55:00,2008-10-13,0,0.13301854951185837,0,1.3994347,0.008055878745477965,0,0.0004700156941638391,0,0.52,LOW (PASS)
2008-10-13 15:42:00,2008-10-13,0,0.29030781032078723,0,1.391879,0.013411471057913812,0,0.0007993198970103869,0,1.87,LOW (PASS)
2008-10-13 15:42:00,2008-10-13,0,-0.48861269177126665,0,1.4078013,0.002125537467891309,0,0.0005623875518417645,0,1.72,LOW (PASS)
2008-10-13 16:13:00,2008-10-13,0,0.5010302649930298,0,1.3990632,0.008319171567502358,0,0.00033749743262511046,0,0.71,LOW (PASS)
2008-10-13 19:17:00,2008-10-13,0,-0.3602977684797709,0,1.4127091,0.0013532062685478032,0,0.0005871295222836116,0,0.52,LOW (PASS)
2008-10-13 19:36:00,2008-10-13,0,-1.8511591352859156,0,1.4037597,0.004990241108806908,0,0.000706867921432251,0,1.64,LOW (PASS)
2008-10-13 19:40:00,2008-10-13,0,-0.46434198047419617,0,1.4203775,0.0067886482975475304,0,0.0003325858323325428,0,1.56,LOW (PASS)
2008-10-13 20:10:00,2008-10-13,0,-0.4218211994421138,0,1.4069604,0.0027215796907924866,0,0.0006750841538266691,0,0.4,LOW (PASS)
2008-10-13 20:30:00,2008-10-13,0,-0.7373404463040389,0,1.4075655,0.0022926726418207857,0,0.0004620536613438888,0,0.43,LOW (PASS)
2008-10-13 20:53:00,2008-10-13,0,3.4121986052998716,0,1.4109399,9.918548174933685e-05,0,0.0016411882026929614,0,1.29,LOW (PASS)
2008-10-13 21:20:00,2008-10-13,0,-0.5962316596931599,0,1.4220243,0.00795589060930779,0,0.0005773601408012349,0,0.75,LOW (PASS)
2008-10-13 21:47:00,2008-10-13,0,0.611659553695961,0,1.4081004,0.0019135343579878418,0,0.00044318856561415725,0,1.44,LOW (PASS)
2008-10-13 21:57:00,2008-10-13,0,1.1501306834030733,0,1.404119,0.0047355669863481395,0,0.0005453703947992178,0,0.78,LOW (PASS)
2008-10-13 22:48:00,2008-10-13,0,-0.13301854951184983,0,1.4171679,0.004513649600440738,0,0.00042243827225859997,0,0.41,LOW (PASS)
2008-10-13 22:54:00,2008-10-13,0,1.1106202231520288,0,1.4095428,0.0008911199977519115,0,0.0006332926830390664,0,0.7,LOW (PASS)
2008-10-14 00:35:00,2008-10-14,0,0.11253774600998691,0,1.4119711,0.0063583112797180345,0,0.0004679494189962509,0,0.81,LOW (PASS)
2008-10-14 03:21:00,2008-10-14,0,1.3056756095172852,0,1.3994823,0.0025428347942189652,0,0.000628343693111271,0,1.04,LOW (PASS)
2008-10-14 03:28:00,2008-10-14,0,-0.1623343777538425,0,1.4108784,0.0055795332174666265,0,0.0006360868599758712,0,1.03,LOW (PASS)
2008-10-14 03:35:00,2008-10-14,0,-0.7428547929109921,0,1.4110732,0.005718364043750589,0,0.0007379997678529099,0,0.86,LOW (PASS)
2008-10-14 13:13:00,2008-10-14,0,-0.6628103397630443,0,1.4064492,0.002422703749547024,0,0.0013358562578323653,0,2.78,LOW (PASS)
2008-10-14 13:16:00,2008-10-14,0,1.7527886027611883,0,1.4175006,0.010299356492191478,0,0.0011490360389124505,0,2.73,LOW (PASS)
2008-10-14 14:07:00,2008-10-14,0,0.7727063546460385,0,1.4047619,0.001220126322849835,0,0.0004409139048117082,0,1.92,LOW (PASS)
2008-10-14 14:15:00,2008-10-14,0,0.1964127092920831,0,1.3968842,0.004394535545768954,0,0.00017495326223617997,0,1.51,LOW (PASS)
2008-10-14 14:43:00,2008-10-14,0,-0.6992662293155721,0,1.4117725,0.006216761612282856,0,0.0011315620963310527,0,2.06,LOW (PASS)
2008-10-14 17:36:00,2008-10-14,0,-0.9199828649760052,0,1.4018574,0.000850016322443157,0,0.0003613388309048673,0,0.72,LOW (PASS)
2008-10-14 19:15:00,2008-10-14,0,0.6861896602369558,0,1.4058987,0.0020303409859121773,0,0.0004298152210653372,0,0.71,LOW (PASS)
2008-10-14 20:01:00,2008-10-14,0,-1.1998742778811264,0,1.4103458,0.005199915021728104,0,0.0008113428897687995,0,2.08,LOW (PASS)
2008-10-14 20:30:00,2008-10-14,0,0.28966581807500597,0,1.4047111,0.001183931750024273,0,0.000871996867711487,0,0.18,LOW (PASS)
2008-10-14 20:48:00,2008-10-14,0,0.22917017526682135,0,1.3990912,0.0028215160122185964,0,0.0005146962561615218,0,1.0,LOW (PASS)
2008-10-14 21:36:00,2008-10-14,0,-0.5760294722412562,0,1.4091635,0.004357244192423122,0,0.0009594772844021851,0,1.03,LOW (PASS)
2008-10-14 23:07:00,2008-10-14,0,-0.11253774600998691,0,1.3930411,0.0071335980780470355,0,0.0006305472168536095,0,0.94,LOW (PASS)
2008-10-15 00:03:00,2008-10-15,0,-0.42862249728770146,0,1.405962,0.0020498911485561694,0,0.0006362882778294088,0,2.07,LOW (PASS)
2008-10-15 00:27:00,2008-10-15,0,0.19591700364927322,0,1.4020128,0.004852983964193125,0,0.0005821513536755986,0,0.67,LOW (PASS)
2008-10-15 00:47:00,2008-10-15,0,0.6627915474898891,0,1.4113063,0.001743439388084145,0,0.0006900745707473587,0,2.37,LOW (PASS)
2008-10-15 01:52:00,2008-10-15,0,-0.8954970411283114,0,1.4079295,0.0006533369671359826,0,0.0006866809975798608,0,1.5,LOW (PASS)
2008-10-15 01:52:00,2008-10-15,0,-0.0647291152973635,0,1.4033573,0.0038987071960588098,0,0.0009016062353830368,0,0.36,LOW (PASS)
2008-10-15 01:52:00,2008-10-15,0,0.01989106420751402,0,1.3998832,0.0063646131947942535,0,0.0007150895314440956,0,0.32,LOW (PASS)
2008-10-15 02:40:00,2008-10-15,0,-1.0885534569484143,0,1.4078338,0.0007212820145567891,0,0.0008363331671823346,0,2.0,LOW (PASS)
2008-10-15 02:40:00,2008-10-15,0,3.4094880658841995,0,1.4027057,0.004361207356958097,0,0.0008620654745798703,0,1.87,LOW (PASS)
2008-10-15 02:42:00,2008-10-15,1,-1.5149806193904647,0,1.4075408,0.0009292632431499923,0,0.9966182907297854,1,99.98,CRITICAL (DEFECT)
2008-10-15 03:24:00,2008-10-15,0,-0.254725367393233,0,1.4055501,0.0023422325418798132,0,0.0013634820556685627,0,0.8,LOW (PASS)
2008-10-15 04:08:00,2008-10-15,0,-0.9771901075056642,0,1.4085227,0.0002322976695445347,0,0.0008901386078605605,0,2.22,LOW (PASS)
2008-10-15 05:13:00,2008-10-15,0,-0.01989106420751402,0,1.4069296,0.0013630792557607948,0,0.0012241132323599702,0,0.56,LOW (PASS)
2008-10-15 05:16:00,2008-10-15,0,-1.1514863891902527,0,1.4152339,0.004531217068499225,0,0.0005793212517978889,0,1.69,LOW (PASS)
2008-10-15 06:49:00,2008-10-15,0,1.663198984120718,0,1.3984572,0.007376765943546042,0,0.0005063882906967547,0,1.26,LOW (PASS)
2008-10-15 07:36:00,2008-10-15,0,-0.5250841798993986,0,1.3977174,0.007901880469440842,0,0.0007444319967199911,0,0.53,LOW (PASS)
2008-10-15 07:55:00,2008-10-15,0,0.3358862313837631,0,1.4175003,0.006139898564843399,0,0.0009036233186536295,0,0.32,LOW (PASS)
2008-10-15 08:21:00,2008-10-15,0,0.4523055035013286,0,1.3944353,0.01023147330330092,0,0.0006079693669205444,0,2.32,LOW (PASS)
2008-10-15 09:11:00,2008-10-15,0,0.14815183943189908,0,1.4063797,0.0017534036689017415,0,0.000722419819536517,0,1.63,LOW (PASS)
2008-10-15 10:00:00,2008-10-15,0,0.6862084525101109,0,1.3944292,0.010235788617645205,0,0.00040300799618756076,0,0.8,LOW (PASS)
2008-10-15 12:53:00,2008-10-15,0,0.7329092119538397,0,1.4020876,0.00479993098196044,0,0.000859053755376835,0,0.81,LOW (PASS)
2008-10-15 13:14:00,2008-10-15,0,-0.7629786468093449,0,1.4015316,0.005194570709445672,0,0.0006554179072216235,0,0.45,LOW (PASS)
2008-10-15 13:16:00,2008-10-15,0,2.0281567708846953,0,1.4052994,0.0025201757980765206,0,0.0008339893267245179,0,2.14,LOW (PASS)
2008-10-15 14:08:00,2008-10-15,0,-0.07830027616135374,0,1.4020557,0.004822522921762875,0,0.0011324200198219428,0,0.64,LOW (PASS)
2008-10-15 15:11:00,2008-10-15,0,-0.637511934115788,0,1.4083924,0.00032478077892304205,0,0.00021637511217837094,0,1.26,LOW (PASS)
2008-10-15 16:24:00,2008-10-15,0,0.1521433573330691,0,1.4041541,0.0033331471749371783,0,0.0007572070365570676,0,0.26,LOW (PASS)
2008-10-15 17:19:00,2008-10-15,0,0.56393495413749,0,1.4048141,0.0028646394195585914,0,0.0005266250586112279,0,0.36,LOW (PASS)
2008-10-15 18:16:00,2008-10-15,0,-0.146156080481311,0,1.4054388,0.0024212620241849604,0,0.00021345545178923982,0,0.23,LOW (PASS)
2008-10-15 19:15:00,2008-10-15,0,1.4755976427655566,0,1.4018146,0.004993697057419527,0,0.0004335642160791123,0,1.27,LOW (PASS)
2008-10-15 19:24:00,2008-10-15,0,-1.440472285235224,0,1.4094523,0.0004275223550973687,0,0.0012182935053536112,0,1.8,LOW (PASS)
2008-10-15 21:44:00,2008-10-15,0,-0.2816015879278021,0,1.3976605,0.007942241350660923,0,0.001150198814622948,0,2.19,LOW (PASS)
2008-10-15 22:45:00,2008-10-15,0,3.0482556958279816,0,1.4040436,0.0034115843591950704,0,0.0003027186658166539,0,1.29,LOW (PASS)
2008-10-15 22:54:00,2008-10-15,0,-0.6870067560903389,0,1.4144578,0.003980379884552214,0,0.0006848942118919658,0,0.76,LOW (PASS)
2008-10-15 23:00:00,2008-10-15,0,1.2237328632014939,0,1.4142491,0.0038322207587317505,0,0.0008119091055596872,0,0.96,LOW (PASS)
2008-10-15 23:45:00,2008-10-15,0,1.2210718512673806,0,1.4165508,0.0054659480010741295,0,0.0006887281750036975,0,0.93,LOW (PASS)
2008-10-16 02:16:00,2008-10-16,0,0.9893194444444467,0,1.4108549,0.0065312622768312865,0,0.0012137787100322578,0,0.7,LOW (PASS)
2008-10-16 02:16:00,2008-10-16,0,0.8976180555555541,0,1.4146675,0.009251191148290495,0,0.0005110929943206241,0,0.69,LOW (PASS)
2008-10-16 02:17:00,2008-10-16,0,-0.21691666666666787,0,1.4013287,0.00026490294035488675,0,0.0007047576275037814,0,1.29,LOW (PASS)
2008-10-16 02:22:00,2008-10-16,0,0.023750000000002453,0,1.3971292,0.0032608898793757414,0,0.0009171634818967396,0,0.71,LOW (PASS)
2008-10-16 02:55:00,2008-10-16,0,2.0902638888888943,0,1.4066752,0.0035493929099654643,0,0.001143119177404331,0,1.35,LOW (PASS)
2008-10-16 03:56:00,2008-10-16,0,0.6200069444444428,0,1.4016252,5.339449487558438e-05,0,0.0005887542816904311,0,1.45,LOW (PASS)
2008-10-16 04:02:00,2008-10-16,0,-0.8811250000000045,0,1.4075835,0.004197355453635269,0,0.0005252039098201884,0,0.62,LOW (PASS)
2008-10-16 04:02:00,2008-10-16,0,-1.132875000000004,0,1.4127972,0.007916910488409201,0,0.0006344103003893885,0,0.92,LOW (PASS)
2008-10-16 04:04:00,2008-10-16,0,-0.05831944444444553,0,1.4151509,0.009596051118704074,0,0.00022367020897604345,0,0.49,LOW (PASS)
2008-10-16 04:47:00,2008-10-16,0,0.08668750000000235,0,1.4155208,0.0098599476632647,0,0.0006587407099628838,0,0.47,LOW (PASS)
2008-10-16 04:50:00,2008-10-16,0,-1.6130208333333367,0,1.3927746,0.006367521164021273,0,0.0011984507203119017,0,1.0,LOW (PASS)
2008-10-16 04:54:00,2008-10-16,0,0.0,0,1.4103866,0.0061971180539570694,0,0.0006005483692068872,0,1.11,LOW (PASS)
2008-10-16 05:08:00,2008-10-16,0,0.6186874999999996,0,1.4126217,0.007791723342552534,0,0.0015763574134677893,0,1.43,LOW (PASS)
2008-10-16 05:13:00,2008-10-16,0,-0.17034027777777622,0,1.4030392,0.0009554165949014502,0,0.0008335524993048054,0,0.49,LOW (PASS)
2008-10-16 05:44:00,2008-10-16,0,0.6745,0,1.3920001,0.006920062527221525,0,0.0005921639591862193,0,0.65,LOW (PASS)
2008-10-16 05:58:00,2008-10-16,0,-3.362076388888895,0,1.4182147,0.011781808479887648,0,0.0008981650343954068,0,1.76,LOW (PASS)
2008-10-16 15:02:00,2008-10-16,0,-0.9773125000000042,0,1.3971654,0.003235036012296647,0,0.0008910943585385235,0,1.51,LOW (PASS)
2008-10-16 15:13:00,2008-10-16,0,-1.659861111111117,0,1.412069,0.007397366823980951,0,0.00030915853539628473,0,1.56,LOW (PASS)
2008-10-16 20:49:00,2008-10-16,0,0.357569444444444,0,1.4007012,0.0007125830597771014,0,0.0008035614393905278,0,0.68,LOW (PASS)
2008-10-17 05:26:00,2008-10-17,0,0.6745,1,1.40945,0.0033100947236289055,0,0.002236767586105963,0,4.58,LOW (PASS)
2008-10-17 06:01:00,2008-10-17,0,-0.9951313071702605,0,1.3981138,0.0047594715449992666,0,0.0008013242435927965,0,0.6,LOW (PASS)
2008-10-17 06:07:00,2008-10-17,0,0.0,0,1.409874,0.003611849575632079,0,0.0013998129062754814,0,3.35,LOW (PASS)
